F1, F2, F3, F4, F5, F6, F7, F8, F9, F10, F11, F12, F13, F14, F15, F16, F17, F18, F19, F20, F21, F22, F23, F24, F25, F26, Class
16, 0, 2, 5, 9, 4, 14, 2, 9, 0, 16, 14, 2, 2, 0, 9, 8, 15, 7, 5, 0, 13, 0, 0, 8, 0, RNA
32, 0, 7, 32, 32, 18, 38, 11, 24, 0, 37, 49, 15, 15, 0, 38, 16, 24, 41, 32, 0, 24, 11, 0, 14, 0, RNA
16, 0, 4, 8, 4, 7, 17, 3, 13, 0, 16, 12, 2, 3, 0, 11, 4, 10, 10, 15, 0, 16, 2, 0, 6, 0, RNA
20, 0, 3, 5, 24, 5, 20, 6, 4, 0, 21, 35, 4, 9, 0, 14, 8, 28, 12, 12, 0, 28, 5, 0, 5, 0, RNA
19, 0, 3, 10, 16, 11, 8, 7, 7, 0, 25, 35, 4, 8, 0, 12, 12, 26, 15, 9, 0, 12, 7, 0, 4, 0, RNA
17, 0, 3, 6, 12, 5, 13, 9, 15, 0, 18, 22, 5, 5, 0, 13, 10, 17, 13, 5, 0, 11, 3, 0, 10, 0, RNA
42, 0, 7, 19, 23, 12, 42, 9, 18, 0, 33, 32, 9, 12, 0, 20, 18, 43, 25, 24, 0, 23, 9, 0, 10, 0, RNA
24, 0, 0, 4, 16, 10, 15, 4, 21, 0, 29, 20, 2, 14, 0, 11, 12, 15, 12, 9, 0, 14, 2, 0, 10, 0, RNA
9, 0, 0, 5, 6, 5, 10, 1, 8, 0, 16, 4, 1, 6, 0, 3, 3, 6, 5, 3, 0, 13, 0, 0, 0, 0, RNA
18, 0, 0, 10, 13, 8, 9, 1, 18, 0, 26, 12, 6, 5, 0, 5, 7, 15, 5, 13, 0, 16, 2, 0, 9, 0, RNA
16, 0, 1, 3, 7, 2, 10, 1, 0, 0, 7, 16, 3, 2, 0, 9, 13, 11, 7, 4, 0, 5, 4, 0, 2, 0, RNA
26, 0, 2, 17, 22, 12, 17, 5, 5, 0, 17, 42, 5, 10, 0, 12, 15, 21, 16, 12, 0, 12, 7, 0, 4, 0, RNA
5, 0, 0, 0, 0, 1, 0, 0, 4, 0, 8, 2, 3, 6, 0, 2, 4, 9, 1, 3, 0, 0, 2, 0, 1, 0, RNA
20, 0, 4, 4, 1, 7, 6, 5, 5, 0, 19, 22, 3, 7, 0, 9, 5, 20, 16, 12, 0, 12, 4, 0, 7, 0, RNA
16, 0, 3, 7, 14, 9, 16, 8, 11, 0, 14, 38, 8, 6, 0, 28, 19, 18, 9, 12, 0, 20, 0, 0, 6, 0, RNA
17, 0, 5, 22, 26, 8, 11, 7, 7, 0, 17, 12, 7, 5, 0, 22, 10, 31, 30, 11, 0, 10, 6, 0, 6, 0, RNA
24, 0, 4, 29, 35, 24, 37, 7, 28, 0, 37, 43, 9, 18, 0, 10, 19, 18, 27, 22, 0, 30, 2, 0, 14, 0, RNA
62, 0, 9, 41, 65, 25, 34, 19, 40, 0, 50, 78, 20, 25, 0, 40, 33, 52, 44, 48, 0, 44, 5, 0, 30, 0, RNA
9, 0, 1, 6, 9, 4, 5, 2, 5, 0, 13, 12, 4, 7, 0, 3, 3, 9, 8, 2, 0, 11, 1, 0, 1, 0, RNA
22, 0, 0, 19, 39, 4, 23, 5, 7, 0, 14, 13, 1, 5, 0, 8, 7, 21, 15, 12, 0, 23, 1, 0, 2, 0, RNA
24, 0, 5, 16, 19, 18, 24, 8, 22, 0, 26, 24, 4, 21, 0, 12, 15, 12, 32, 20, 0, 21, 11, 0, 9, 0, RNA
20, 0, 0, 28, 24, 5, 14, 2, 9, 0, 6, 20, 7, 9, 0, 9, 4, 15, 5, 13, 0, 20, 0, 0, 2, 0, RNA
14, 0, 7, 9, 12, 1, 10, 3, 7, 0, 16, 12, 3, 4, 0, 2, 4, 5, 3, 2, 0, 14, 1, 0, 3, 0, RNA
16, 0, 1, 6, 9, 6, 14, 5, 7, 0, 27, 23, 5, 7, 0, 9, 6, 22, 3, 8, 0, 19, 2, 0, 8, 0, RNA
39, 0, 2, 14, 32, 10, 24, 4, 19, 0, 28, 16, 10, 8, 0, 5, 10, 9, 10, 11, 0, 29, 0, 0, 3, 0, RNA
19, 0, 4, 17, 17, 17, 11, 8, 22, 0, 30, 28, 11, 24, 0, 10, 13, 11, 18, 18, 0, 23, 4, 0, 12, 0, RNA
10, 0, 0, 4, 9, 4, 13, 1, 7, 0, 10, 9, 4, 3, 0, 3, 7, 19, 7, 5, 0, 10, 0, 0, 5, 0, RNA
5, 0, 0, 4, 10, 5, 10, 5, 7, 0, 16, 14, 8, 2, 0, 8, 7, 15, 8, 6, 0, 9, 0, 0, 6, 0, RNA
8, 0, 4, 4, 3, 6, 13, 5, 9, 0, 11, 10, 4, 8, 0, 9, 4, 10, 10, 9, 0, 14, 1, 0, 3, 0, RNA
6, 0, 2, 5, 9, 2, 6, 3, 12, 0, 13, 7, 3, 2, 0, 7, 2, 10, 7, 12, 0, 10, 1, 0, 0, 0, RNA
7, 0, 0, 2, 1, 2, 10, 4, 2, 0, 6, 10, 3, 2, 0, 6, 6, 13, 6, 4, 0, 6, 4, 0, 1, 0, RNA
14, 0, 0, 8, 7, 5, 14, 6, 6, 0, 15, 13, 4, 4, 0, 15, 8, 12, 9, 12, 0, 16, 1, 0, 5, 0, RNA
6, 0, 2, 6, 9, 2, 8, 7, 11, 0, 18, 15, 4, 6, 0, 14, 7, 12, 8, 9, 0, 11, 3, 0, 3, 0, RNA
5, 0, 2, 5, 4, 6, 13, 4, 8, 0, 10, 15, 4, 8, 0, 7, 1, 17, 4, 1, 0, 6, 5, 0, 3, 0, RNA
18, 0, 3, 15, 15, 12, 29, 2, 14, 0, 22, 33, 4, 10, 0, 27, 12, 30, 8, 13, 0, 15, 1, 0, 13, 0, RNA
13, 0, 1, 2, 8, 2, 2, 0, 5, 0, 22, 13, 1, 1, 0, 4, 11, 11, 6, 6, 0, 8, 0, 0, 4, 0, RNA
2, 0, 4, 1, 2, 4, 5, 3, 3, 0, 4, 2, 1, 4, 0, 1, 2, 8, 4, 1, 0, 2, 1, 0, 2, 0, RNA
9, 0, 1, 3, 5, 5, 13, 3, 4, 0, 11, 3, 1, 3, 0, 1, 1, 8, 5, 3, 0, 6, 0, 0, 0, 0, RNA
11, 0, 0, 3, 3, 4, 14, 3, 2, 0, 6, 4, 1, 3, 0, 4, 3, 10, 4, 3, 0, 10, 0, 0, 0, 0, RNA
5, 0, 0, 4, 2, 4, 13, 2, 1, 0, 7, 7, 2, 3, 0, 2, 4, 12, 2, 3, 0, 10, 0, 0, 2, 0, RNA
9, 0, 0, 4, 3, 5, 15, 2, 4, 0, 12, 4, 2, 4, 0, 1, 3, 5, 5, 3, 0, 9, 0, 0, 1, 0, RNA
22, 0, 0, 6, 6, 2, 11, 5, 6, 0, 7, 9, 1, 5, 0, 2, 3, 16, 5, 5, 0, 14, 0, 0, 2, 0, RNA
23, 0, 0, 3, 24, 6, 20, 1, 20, 0, 14, 20, 4, 8, 0, 9, 6, 20, 4, 5, 0, 15, 0, 0, 8, 0, RNA
32, 0, 0, 6, 14, 8, 8, 4, 10, 0, 20, 11, 1, 9, 0, 9, 9, 26, 6, 8, 0, 14, 1, 0, 3, 0, RNA
4, 0, 0, 2, 3, 2, 3, 1, 2, 0, 10, 2, 2, 2, 0, 2, 1, 4, 2, 5, 0, 5, 0, 0, 3, 0, RNA
19, 0, 10, 19, 29, 14, 20, 7, 29, 0, 18, 23, 8, 12, 0, 10, 10, 15, 21, 14, 0, 22, 1, 0, 4, 0, RNA
11, 0, 1, 6, 20, 2, 15, 2, 10, 0, 18, 10, 6, 4, 0, 9, 4, 3, 2, 12, 0, 22, 0, 0, 4, 0, RNA
28, 0, 1, 24, 37, 12, 39, 12, 21, 0, 20, 27, 12, 11, 0, 23, 9, 27, 7, 31, 0, 52, 2, 0, 11, 0, RNA
3, 0, 0, 1, 4, 2, 3, 2, 4, 0, 12, 3, 1, 1, 0, 2, 1, 3, 2, 5, 0, 4, 0, 0, 2, 0, RNA
1, 0, 4, 1, 3, 1, 5, 3, 4, 0, 10, 3, 1, 3, 0, 2, 1, 7, 4, 4, 0, 6, 0, 0, 3, 0, RNA
13, 0, 0, 1, 6, 2, 8, 2, 7, 0, 20, 8, 1, 1, 0, 1, 6, 11, 3, 5, 0, 8, 0, 0, 1, 0, RNA
6, 0, 0, 3, 5, 3, 7, 5, 5, 0, 4, 7, 2, 7, 0, 4, 9, 4, 14, 5, 0, 9, 0, 0, 3, 0, RNA
5, 0, 3, 3, 7, 2, 4, 1, 6, 0, 6, 5, 6, 5, 0, 2, 3, 15, 1, 4, 0, 3, 1, 0, 5, 0, RNA
6, 0, 4, 1, 3, 0, 2, 4, 1, 0, 8, 3, 2, 0, 0, 9, 0, 5, 2, 3, 0, 5, 0, 0, 2, 0, RNA
25, 0, 0, 15, 14, 10, 22, 1, 10, 0, 30, 9, 6, 9, 0, 9, 5, 7, 6, 16, 0, 31, 1, 0, 6, 0, RNA
18, 0, 1, 4, 10, 5, 10, 1, 13, 0, 19, 8, 6, 4, 0, 10, 4, 3, 6, 8, 0, 10, 0, 0, 1, 0, RNA
20, 0, 1, 6, 10, 4, 11, 0, 10, 0, 13, 6, 6, 6, 0, 10, 3, 7, 5, 7, 0, 15, 0, 0, 1, 0, RNA
3, 0, 0, 1, 5, 0, 3, 1, 4, 0, 7, 5, 1, 3, 0, 2, 3, 4, 3, 6, 0, 8, 0, 0, 0, 0, RNA
4, 0, 4, 1, 4, 2, 5, 1, 7, 0, 6, 5, 2, 1, 0, 5, 1, 4, 2, 3, 0, 6, 0, 0, 0, 0, RNA
18, 0, 1, 4, 18, 1, 6, 1, 11, 0, 15, 8, 3, 1, 0, 8, 2, 4, 3, 4, 0, 12, 0, 0, 3, 0, RNA
18, 0, 1, 4, 18, 1, 6, 1, 11, 0, 14, 8, 3, 1, 0, 8, 2, 5, 3, 4, 0, 12, 0, 0, 3, 0, RNA
15, 0, 1, 9, 4, 7, 14, 4, 15, 0, 8, 15, 6, 19, 0, 4, 12, 13, 13, 18, 0, 13, 2, 0, 4, 0, RNA
12, 0, 1, 5, 5, 3, 5, 1, 4, 0, 11, 8, 3, 3, 0, 4, 4, 14, 8, 2, 0, 5, 2, 0, 1, 0, RNA
2, 0, 0, 2, 2, 1, 2, 3, 5, 0, 15, 2, 1, 9, 0, 3, 1, 7, 7, 2, 0, 2, 0, 0, 0, 0, RNA
12, 0, 6, 25, 31, 14, 14, 1, 28, 0, 41, 37, 6, 27, 0, 15, 14, 18, 26, 27, 0, 21, 6, 0, 22, 0, RNA
30, 0, 0, 9, 26, 1, 17, 5, 11, 0, 6, 21, 1, 9, 0, 12, 9, 10, 7, 19, 0, 21, 0, 0, 1, 0, RNA
4, 0, 0, 0, 2, 1, 5, 1, 0, 0, 11, 4, 2, 3, 0, 5, 2, 7, 3, 4, 0, 7, 0, 0, 2, 0, RNA
64, 0, 2, 31, 65, 14, 47, 8, 37, 0, 37, 49, 15, 10, 0, 23, 32, 42, 12, 21, 0, 50, 2, 0, 10, 0, RNA
5, 0, 0, 2, 8, 5, 4, 2, 6, 0, 7, 9, 3, 6, 0, 2, 6, 3, 9, 5, 0, 6, 0, 0, 4, 0, RNA
19, 0, 1, 1, 6, 4, 14, 6, 2, 0, 13, 16, 3, 5, 0, 9, 3, 8, 7, 8, 0, 16, 1, 0, 6, 0, RNA
31, 0, 5, 7, 9, 5, 29, 7, 16, 0, 17, 26, 10, 15, 0, 21, 11, 31, 19, 15, 0, 21, 5, 0, 5, 0, RNA
33, 0, 1, 6, 15, 6, 9, 1, 5, 0, 12, 15, 6, 3, 0, 5, 3, 12, 6, 9, 0, 15, 0, 0, 3, 0, RNA
17, 0, 4, 2, 17, 7, 8, 5, 5, 0, 6, 13, 4, 8, 0, 10, 6, 20, 14, 8, 0, 18, 5, 0, 3, 0, RNA
28, 0, 4, 7, 9, 3, 30, 7, 17, 0, 18, 29, 9, 14, 0, 20, 10, 29, 21, 16, 0, 25, 5, 0, 5, 0, RNA
13, 0, 1, 4, 0, 5, 6, 3, 7, 0, 21, 14, 3, 7, 0, 6, 5, 11, 27, 12, 0, 11, 0, 0, 3, 0, RNA
8, 0, 3, 1, 1, 4, 6, 4, 2, 0, 10, 15, 3, 3, 0, 8, 2, 11, 5, 4, 0, 8, 1, 0, 4, 0, RNA
26, 0, 0, 7, 12, 1, 9, 7, 7, 0, 23, 16, 1, 8, 0, 2, 7, 28, 9, 6, 0, 14, 2, 0, 4, 0, RNA
35, 0, 1, 10, 13, 7, 13, 3, 10, 0, 36, 20, 3, 13, 0, 15, 9, 12, 11, 14, 0, 21, 2, 0, 8, 0, RNA
20, 0, 0, 9, 5, 3, 3, 4, 11, 0, 30, 11, 2, 6, 0, 12, 3, 11, 4, 7, 0, 10, 0, 0, 5, 0, RNA
15, 0, 3, 7, 9, 4, 17, 3, 8, 0, 12, 9, 4, 3, 0, 7, 5, 15, 9, 10, 0, 10, 0, 0, 1, 0, RNA
19, 0, 0, 6, 5, 2, 5, 1, 7, 0, 22, 11, 3, 7, 0, 6, 3, 7, 6, 10, 0, 14, 0, 0, 8, 0, RNA
8, 0, 0, 2, 5, 2, 9, 0, 7, 0, 12, 13, 2, 4, 0, 2, 4, 3, 10, 7, 0, 9, 0, 0, 6, 0, RNA
10, 0, 4, 8, 14, 8, 19, 3, 15, 0, 16, 13, 3, 6, 0, 5, 7, 17, 7, 7, 0, 9, 1, 0, 6, 0, RNA
40, 0, 7, 22, 24, 14, 28, 11, 14, 0, 20, 50, 12, 14, 0, 22, 27, 31, 27, 21, 0, 36, 4, 0, 9, 0, RNA
18, 0, 0, 1, 5, 0, 6, 2, 5, 0, 19, 14, 3, 3, 0, 2, 5, 12, 8, 2, 0, 1, 0, 0, 0, 0, RNA
14, 0, 3, 13, 8, 6, 12, 5, 14, 0, 13, 18, 5, 15, 0, 12, 10, 22, 20, 16, 0, 16, 1, 0, 6, 0, RNA
22, 0, 3, 9, 7, 8, 13, 1, 19, 0, 23, 22, 6, 7, 0, 22, 4, 7, 24, 13, 0, 13, 0, 0, 1, 0, RNA
19, 0, 1, 12, 20, 12, 27, 8, 17, 0, 35, 14, 3, 11, 0, 19, 18, 21, 9, 19, 0, 17, 4, 0, 10, 0, RNA
8, 0, 2, 7, 6, 2, 1, 2, 2, 0, 8, 8, 5, 0, 0, 1, 5, 6, 6, 4, 0, 8, 1, 0, 4, 0, RNA
15, 0, 1, 18, 9, 9, 24, 10, 16, 0, 27, 25, 3, 10, 0, 12, 5, 22, 8, 14, 0, 23, 1, 0, 9, 0, RNA
15, 0, 4, 16, 9, 12, 23, 8, 25, 0, 27, 20, 5, 10, 0, 14, 3, 22, 8, 19, 0, 16, 2, 0, 5, 0, RNA
16, 0, 4, 16, 9, 12, 22, 8, 25, 0, 28, 20, 6, 10, 0, 14, 3, 21, 9, 18, 0, 15, 2, 0, 5, 0, RNA
11, 0, 1, 6, 6, 1, 11, 3, 12, 0, 11, 9, 3, 2, 0, 4, 2, 15, 6, 6, 0, 7, 0, 0, 2, 0, RNA
14, 0, 1, 3, 10, 0, 11, 1, 7, 0, 13, 9, 2, 5, 0, 5, 1, 20, 0, 9, 0, 10, 1, 0, 4, 0, RNA
8, 0, 1, 1, 11, 5, 10, 4, 7, 0, 15, 13, 7, 2, 0, 8, 3, 14, 4, 6, 0, 8, 0, 0, 5, 0, RNA
14, 0, 0, 11, 18, 10, 16, 6, 19, 0, 23, 18, 6, 8, 0, 17, 2, 22, 7, 11, 0, 21, 3, 0, 11, 0, RNA
8, 0, 0, 9, 9, 8, 10, 3, 4, 0, 5, 11, 4, 6, 0, 12, 10, 18, 7, 6, 0, 15, 1, 0, 7, 0, RNA
20, 0, 4, 11, 12, 10, 14, 5, 10, 0, 22, 17, 4, 9, 0, 10, 8, 22, 12, 5, 0, 15, 2, 0, 9, 0, RNA
21, 0, 1, 6, 12, 3, 8, 2, 6, 0, 12, 9, 6, 6, 0, 6, 10, 21, 3, 2, 0, 15, 2, 0, 5, 0, RNA
16, 0, 1, 12, 9, 2, 20, 3, 9, 0, 15, 10, 1, 8, 0, 6, 13, 31, 14, 6, 0, 11, 5, 0, 4, 0, RNA
22, 0, 0, 4, 2, 5, 6, 1, 10, 0, 14, 6, 1, 3, 0, 0, 7, 16, 4, 1, 0, 9, 1, 0, 6, 0, RNA
18, 0, 1, 8, 17, 4, 15, 3, 8, 0, 20, 21, 4, 8, 0, 6, 9, 22, 11, 6, 0, 16, 1, 0, 8, 0, RNA
5, 0, 3, 7, 8, 2, 3, 4, 6, 0, 8, 7, 2, 4, 0, 2, 6, 11, 11, 3, 0, 1, 2, 0, 0, 0, RNA
6, 0, 4, 5, 9, 2, 12, 1, 3, 0, 5, 1, 2, 2, 0, 3, 2, 11, 10, 5, 0, 4, 1, 0, 4, 0, RNA
12, 0, 0, 12, 33, 5, 15, 1, 15, 0, 16, 11, 4, 9, 0, 9, 9, 6, 11, 15, 0, 31, 0, 0, 3, 0, RNA
48, 0, 2, 12, 20, 3, 17, 5, 4, 0, 10, 28, 6, 2, 0, 16, 4, 25, 14, 12, 0, 18, 5, 0, 6, 0, RNA
12, 0, 0, 3, 4, 4, 7, 8, 8, 0, 19, 9, 2, 7, 0, 5, 2, 11, 8, 8, 0, 9, 1, 0, 3, 0, RNA
124, 0, 16, 127, 143, 99, 101, 62, 139, 0, 150, 257, 61, 126, 0, 147, 107, 150, 151, 133, 0, 120, 59, 0, 91, 0, RNA
14, 0, 2, 4, 5, 4, 9, 0, 8, 0, 6, 7, 3, 10, 0, 6, 6, 4, 13, 9, 0, 14, 2, 0, 4, 0, RNA
22, 0, 1, 31, 28, 7, 23, 2, 10, 0, 29, 17, 7, 16, 0, 12, 12, 18, 34, 7, 0, 22, 0, 0, 8, 0, RNA
73, 0, 25, 33, 47, 33, 98, 38, 48, 0, 41, 80, 18, 63, 0, 36, 79, 34, 156, 48, 0, 60, 2, 0, 25, 0, RNA
23, 0, 3, 9, 13, 13, 21, 4, 13, 0, 23, 22, 7, 11, 0, 10, 5, 16, 21, 18, 0, 20, 0, 0, 6, 0, RNA
15, 0, 1, 1, 6, 3, 14, 7, 5, 0, 13, 13, 3, 4, 0, 8, 2, 10, 9, 11, 0, 16, 1, 0, 6, 0, RNA
23, 0, 0, 6, 2, 2, 9, 2, 5, 0, 10, 8, 1, 1, 0, 0, 3, 13, 9, 10, 0, 6, 0, 0, 4, 0, RNA
39, 0, 8, 26, 40, 15, 22, 7, 27, 0, 38, 49, 13, 26, 0, 19, 29, 23, 26, 23, 0, 35, 4, 0, 10, 0, RNA
53, 0, 7, 64, 77, 46, 204, 53, 33, 0, 51, 70, 53, 43, 0, 195, 107, 105, 67, 38, 0, 36, 22, 0, 12, 0, RNA
38, 0, 4, 21, 30, 8, 62, 14, 20, 0, 27, 36, 34, 28, 0, 133, 38, 31, 39, 39, 0, 21, 7, 0, 9, 0, RNA
39, 0, 5, 10, 11, 15, 24, 12, 11, 0, 7, 32, 4, 10, 0, 22, 12, 27, 16, 14, 0, 17, 0, 0, 5, 0, RNA
13, 0, 4, 2, 0, 6, 14, 2, 3, 0, 9, 18, 2, 6, 0, 4, 0, 20, 27, 17, 0, 5, 0, 0, 0, 0, RNA
24, 0, 2, 11, 12, 9, 13, 8, 12, 0, 22, 17, 6, 5, 0, 16, 11, 18, 15, 19, 0, 19, 5, 0, 6, 0, RNA
21, 0, 5, 11, 25, 3, 9, 6, 19, 0, 17, 13, 6, 13, 0, 8, 11, 12, 15, 14, 0, 18, 5, 0, 10, 0, RNA
17, 0, 0, 11, 30, 15, 22, 3, 11, 0, 22, 31, 4, 12, 0, 17, 7, 20, 32, 19, 0, 15, 2, 0, 3, 0, RNA
21, 0, 1, 7, 8, 11, 6, 3, 15, 0, 22, 12, 5, 13, 0, 11, 7, 7, 20, 15, 0, 10, 0, 0, 4, 0, RNA
30, 0, 1, 15, 22, 12, 23, 4, 15, 0, 22, 21, 8, 10, 0, 18, 7, 19, 20, 25, 0, 27, 1, 0, 8, 0, RNA
5, 0, 5, 7, 10, 3, 4, 10, 5, 0, 11, 11, 4, 7, 0, 13, 3, 9, 6, 9, 0, 11, 2, 0, 7, 0, RNA
15, 0, 1, 13, 16, 11, 16, 6, 14, 0, 34, 22, 4, 11, 0, 5, 11, 15, 16, 17, 0, 24, 2, 0, 2, 0, RNA
13, 0, 5, 17, 15, 10, 20, 6, 12, 0, 38, 18, 11, 10, 0, 7, 12, 12, 11, 17, 0, 23, 2, 0, 5, 0, RNA
13, 0, 4, 17, 15, 10, 20, 5, 12, 0, 38, 18, 11, 10, 0, 7, 12, 14, 11, 17, 0, 23, 2, 0, 5, 0, RNA
26, 0, 1, 10, 11, 7, 32, 8, 16, 0, 25, 16, 3, 7, 0, 21, 8, 31, 10, 11, 0, 22, 4, 0, 7, 0, RNA
26, 0, 1, 8, 13, 5, 33, 8, 11, 0, 23, 19, 3, 9, 0, 18, 5, 32, 13, 17, 0, 21, 2, 0, 8, 0, RNA
50, 0, 1, 40, 66, 22, 59, 16, 56, 0, 41, 49, 20, 12, 0, 38, 24, 42, 22, 44, 0, 64, 3, 0, 22, 0, RNA
50, 0, 1, 40, 66, 22, 59, 14, 56, 0, 42, 49, 20, 13, 0, 38, 24, 42, 22, 44, 0, 64, 3, 0, 22, 0, RNA
9, 0, 0, 1, 1, 1, 11, 2, 2, 0, 6, 12, 2, 3, 0, 7, 5, 11, 7, 3, 0, 4, 4, 0, 1, 0, RNA
22, 0, 0, 9, 14, 15, 20, 5, 17, 0, 22, 18, 17, 13, 0, 35, 19, 13, 12, 12, 0, 14, 0, 0, 5, 0, RNA
2, 0, 4, 1, 2, 2, 4, 2, 1, 0, 8, 3, 4, 4, 0, 3, 0, 6, 5, 3, 0, 4, 0, 0, 1, 0, RNA
5, 0, 0, 0, 1, 3, 2, 0, 4, 0, 12, 4, 1, 3, 0, 1, 1, 4, 7, 3, 0, 2, 2, 0, 2, 0, RNA
18, 0, 3, 8, 18, 7, 23, 3, 15, 0, 20, 21, 6, 3, 0, 17, 8, 18, 10, 13, 0, 25, 1, 0, 6, 0, RNA
5, 0, 0, 3, 1, 0, 4, 4, 2, 0, 6, 3, 2, 1, 0, 1, 2, 7, 5, 5, 0, 4, 0, 0, 2, 0, RNA
10, 0, 1, 9, 16, 7, 9, 7, 8, 0, 19, 22, 4, 5, 0, 9, 5, 12, 17, 13, 0, 18, 3, 0, 7, 0, RNA
24, 0, 1, 4, 8, 8, 15, 2, 8, 0, 18, 22, 2, 5, 0, 13, 9, 13, 18, 16, 0, 16, 1, 0, 5, 0, RNA
13, 0, 4, 17, 15, 10, 19, 5, 12, 0, 38, 18, 11, 10, 0, 7, 12, 14, 12, 17, 0, 23, 2, 0, 5, 0, RNA
58, 0, 13, 10, 14, 12, 15, 10, 13, 0, 18, 28, 15, 20, 0, 35, 26, 18, 20, 30, 0, 24, 1, 0, 8, 0, RNA
21, 0, 2, 10, 11, 4, 34, 9, 11, 0, 25, 15, 6, 15, 0, 17, 6, 29, 10, 14, 0, 26, 2, 0, 6, 0, RNA
17, 0, 1, 4, 15, 1, 6, 1, 9, 0, 16, 10, 1, 3, 0, 4, 4, 1, 3, 1, 0, 16, 0, 0, 4, 0, RNA
24, 0, 4, 16, 32, 11, 34, 6, 41, 0, 33, 34, 9, 14, 0, 21, 14, 18, 26, 22, 0, 41, 7, 0, 8, 0, RNA
8, 0, 1, 2, 7, 0, 5, 1, 8, 0, 11, 9, 1, 6, 0, 7, 7, 13, 8, 4, 0, 5, 2, 0, 2, 0, RNA
35, 0, 5, 45, 42, 25, 73, 13, 33, 0, 29, 37, 13, 32, 0, 26, 22, 48, 35, 28, 0, 44, 2, 0, 14, 0, RNA
52, 0, 3, 25, 17, 24, 38, 15, 29, 0, 33, 53, 12, 37, 0, 28, 29, 18, 47, 23, 0, 38, 0, 0, 10, 0, RNA
26, 0, 5, 32, 25, 14, 28, 16, 22, 0, 32, 37, 9, 17, 0, 16, 14, 23, 40, 34, 0, 38, 12, 0, 11, 0, RNA
13, 0, 1, 12, 11, 10, 14, 8, 5, 0, 4, 24, 3, 1, 0, 15, 9, 24, 11, 6, 0, 11, 2, 0, 3, 0, RNA
48, 0, 6, 35, 39, 30, 54, 19, 29, 0, 46, 70, 15, 31, 0, 54, 27, 38, 71, 38, 0, 41, 5, 0, 15, 0, RNA
16, 0, 0, 10, 12, 14, 14, 4, 13, 0, 25, 14, 10, 16, 0, 14, 12, 9, 10, 16, 0, 9, 0, 0, 7, 0, RNA
28, 0, 8, 24, 32, 15, 24, 10, 30, 0, 37, 43, 11, 21, 0, 24, 10, 30, 43, 26, 0, 24, 3, 0, 11, 0, RNA
10, 0, 0, 3, 6, 4, 8, 0, 9, 0, 22, 15, 1, 4, 0, 1, 8, 13, 3, 8, 0, 8, 0, 0, 1, 0, RNA
4, 0, 0, 13, 15, 14, 14, 5, 25, 0, 22, 17, 7, 17, 0, 6, 5, 10, 12, 7, 0, 13, 1, 0, 11, 0, RNA
86, 0, 9, 40, 97, 31, 52, 15, 25, 0, 49, 102, 18, 17, 0, 53, 20, 75, 31, 36, 0, 56, 25, 0, 25, 0, RNA
2, 0, 0, 3, 6, 1, 5, 0, 3, 0, 4, 6, 2, 3, 0, 2, 1, 10, 3, 6, 0, 10, 0, 0, 0, 0, RNA
32, 0, 14, 43, 30, 30, 25, 19, 32, 0, 36, 57, 23, 32, 0, 23, 34, 38, 75, 33, 0, 34, 4, 0, 18, 0, RNA
47, 0, 17, 82, 74, 42, 59, 25, 62, 0, 59, 91, 22, 27, 0, 58, 30, 41, 48, 68, 0, 81, 8, 0, 31, 0, RNA
35, 0, 12, 36, 67, 30, 46, 8, 41, 0, 58, 67, 29, 36, 0, 26, 28, 32, 51, 39, 0, 45, 14, 0, 26, 0, RNA
2, 0, 0, 3, 6, 1, 6, 0, 3, 0, 4, 6, 2, 1, 0, 2, 1, 10, 2, 8, 0, 10, 0, 0, 0, 0, RNA
6, 0, 3, 5, 5, 7, 10, 3, 15, 0, 18, 11, 2, 8, 0, 6, 7, 13, 9, 8, 0, 13, 0, 0, 8, 0, RNA
2, 0, 1, 4, 5, 1, 5, 0, 3, 0, 3, 6, 2, 1, 0, 2, 4, 11, 5, 6, 0, 8, 0, 0, 0, 0, RNA
54, 0, 0, 29, 58, 18, 51, 12, 27, 0, 26, 84, 8, 11, 0, 29, 25, 57, 31, 33, 0, 59, 8, 0, 14, 0, RNA
57, 0, 6, 71, 72, 40, 54, 27, 55, 0, 68, 73, 19, 41, 0, 38, 30, 40, 50, 52, 0, 68, 18, 0, 38, 0, RNA
15, 0, 0, 5, 7, 1, 6, 3, 8, 0, 11, 10, 2, 5, 0, 3, 0, 14, 4, 3, 0, 11, 0, 0, 5, 0, RNA
14, 0, 8, 21, 30, 15, 18, 5, 22, 0, 33, 31, 11, 12, 0, 23, 17, 16, 25, 18, 0, 14, 3, 0, 13, 0, RNA
14, 0, 4, 7, 6, 6, 8, 3, 16, 0, 7, 16, 4, 4, 0, 20, 8, 3, 17, 27, 0, 14, 2, 0, 3, 0, RNA
11, 0, 1, 17, 22, 19, 86, 7, 9, 0, 19, 10, 7, 19, 0, 15, 10, 25, 25, 12, 0, 16, 1, 0, 22, 0, RNA
25, 0, 4, 32, 78, 24, 37, 8, 18, 0, 24, 53, 8, 5, 0, 34, 6, 52, 14, 23, 0, 54, 12, 0, 16, 0, RNA
52, 0, 3, 37, 48, 37, 44, 26, 51, 0, 59, 61, 19, 96, 0, 49, 68, 22, 103, 31, 0, 40, 1, 0, 32, 0, RNA
90, 0, 3, 6, 29, 8, 60, 2, 21, 0, 24, 41, 4, 20, 0, 37, 23, 13, 34, 28, 0, 36, 1, 0, 12, 0, RNA
2, 0, 7, 2, 3, 2, 6, 3, 2, 0, 9, 3, 1, 1, 0, 10, 8, 8, 7, 6, 0, 3, 1, 0, 2, 0, RNA
20, 0, 2, 6, 4, 3, 7, 5, 11, 0, 9, 21, 2, 8, 0, 18, 9, 1, 20, 21, 0, 11, 1, 0, 9, 0, RNA
15, 0, 0, 6, 5, 5, 14, 1, 4, 0, 11, 10, 1, 4, 0, 5, 6, 16, 2, 4, 0, 11, 0, 0, 8, 0, RNA
8, 0, 3, 8, 16, 9, 18, 3, 6, 0, 6, 11, 2, 8, 0, 6, 8, 14, 18, 11, 0, 8, 5, 0, 4, 0, RNA
6, 0, 6, 2, 5, 4, 3, 0, 9, 0, 10, 4, 3, 6, 0, 3, 8, 2, 4, 2, 0, 2, 0, 0, 2, 0, RNA
50, 0, 14, 51, 62, 28, 52, 31, 29, 0, 62, 85, 11, 31, 0, 24, 27, 38, 45, 29, 0, 47, 7, 0, 18, 0, RNA
33, 0, 4, 15, 19, 22, 38, 9, 10, 0, 17, 20, 16, 6, 0, 31, 12, 18, 26, 29, 0, 23, 2, 0, 12, 0, RNA
33, 0, 5, 30, 67, 13, 24, 10, 34, 0, 90, 37, 11, 20, 0, 23, 22, 39, 45, 31, 0, 34, 5, 0, 9, 0, RNA
13, 0, 0, 9, 4, 1, 4, 4, 9, 0, 13, 8, 3, 3, 0, 2, 2, 10, 7, 6, 0, 11, 0, 0, 1, 0, RNA
46, 0, 1, 17, 36, 8, 17, 1, 24, 0, 41, 36, 6, 11, 0, 20, 8, 9, 11, 11, 0, 28, 1, 0, 6, 0, RNA
4, 0, 2, 8, 10, 2, 4, 1, 6, 0, 2, 12, 2, 4, 0, 2, 2, 6, 6, 7, 0, 7, 0, 0, 2, 0, RNA
25, 0, 8, 21, 32, 21, 19, 10, 31, 0, 40, 44, 13, 33, 0, 16, 15, 29, 34, 19, 0, 22, 1, 0, 11, 0, RNA
24, 0, 11, 13, 17, 7, 16, 12, 9, 0, 31, 21, 8, 10, 0, 15, 24, 13, 22, 15, 0, 16, 1, 0, 9, 0, RNA
15, 0, 0, 11, 27, 6, 12, 6, 9, 0, 12, 21, 3, 4, 0, 16, 4, 16, 9, 3, 0, 26, 0, 0, 6, 0, RNA
6, 0, 0, 3, 8, 4, 15, 2, 8, 0, 9, 4, 1, 1, 0, 0, 8, 8, 3, 5, 0, 10, 0, 0, 5, 0, RNA
68, 0, 19, 48, 49, 55, 59, 19, 68, 0, 59, 86, 31, 55, 0, 45, 44, 40, 94, 66, 0, 73, 18, 0, 22, 0, RNA
41, 0, 1, 30, 28, 15, 38, 6, 20, 0, 43, 44, 28, 17, 0, 18, 18, 28, 17, 18, 0, 41, 0, 0, 2, 0, RNA
20, 0, 3, 30, 55, 31, 31, 11, 28, 0, 41, 47, 12, 12, 0, 18, 9, 35, 23, 24, 0, 27, 8, 0, 22, 0, RNA
16, 0, 2, 13, 27, 13, 20, 9, 11, 0, 14, 41, 11, 6, 0, 11, 16, 21, 15, 15, 0, 15, 7, 0, 5, 0, RNA
70, 0, 7, 50, 52, 29, 37, 16, 40, 0, 32, 59, 15, 18, 0, 31, 21, 50, 21, 32, 0, 44, 9, 0, 11, 0, RNA
48, 0, 6, 12, 12, 11, 26, 13, 14, 0, 14, 35, 14, 33, 0, 24, 36, 15, 36, 20, 0, 17, 2, 0, 13, 0, RNA
10, 0, 0, 7, 16, 11, 10, 4, 14, 0, 24, 18, 2, 7, 0, 9, 10, 14, 13, 7, 0, 17, 0, 0, 1, 0, RNA
11, 0, 0, 5, 7, 4, 5, 3, 7, 0, 11, 5, 3, 3, 0, 4, 5, 6, 2, 2, 0, 8, 0, 0, 3, 0, RNA
105, 0, 47, 130, 96, 86, 133, 59, 169, 0, 139, 163, 56, 112, 0, 121, 81, 77, 161, 150, 0, 141, 29, 0, 98, 0, RNA
145, 0, 52, 100, 117, 95, 155, 49, 114, 0, 118, 175, 61, 107, 0, 120, 91, 91, 155, 146, 0, 169, 32, 0, 93, 0, RNA
12, 0, 0, 8, 19, 2, 8, 5, 11, 0, 17, 22, 5, 4, 0, 9, 10, 22, 4, 8, 0, 7, 2, 0, 5, 0, RNA
53, 0, 11, 38, 34, 39, 65, 32, 33, 0, 29, 49, 8, 36, 0, 65, 43, 38, 78, 23, 0, 25, 10, 0, 20, 0, RNA
13, 0, 4, 7, 11, 11, 10, 6, 17, 0, 23, 19, 7, 6, 0, 7, 2, 18, 12, 9, 0, 7, 0, 0, 10, 0, RNA
11, 0, 5, 6, 14, 3, 18, 4, 12, 0, 31, 17, 1, 10, 0, 7, 6, 22, 10, 9, 0, 9, 3, 0, 10, 0, RNA
24, 0, 5, 30, 70, 42, 35, 6, 48, 0, 91, 83, 7, 30, 0, 24, 15, 45, 27, 33, 0, 53, 6, 0, 32, 0, RNA
7, 0, 4, 0, 0, 4, 10, 5, 0, 0, 11, 2, 2, 4, 0, 2, 2, 11, 10, 8, 0, 2, 1, 0, 3, 0, RNA
6, 0, 2, 19, 18, 6, 17, 2, 8, 0, 16, 9, 4, 11, 0, 2, 6, 9, 4, 4, 0, 6, 1, 0, 3, 0, RNA
22, 0, 3, 4, 7, 5, 13, 5, 9, 0, 21, 12, 1, 13, 0, 6, 8, 17, 7, 10, 0, 14, 1, 0, 5, 0, RNA
8, 0, 0, 6, 11, 7, 11, 4, 8, 0, 20, 22, 6, 8, 0, 6, 4, 22, 12, 11, 0, 9, 1, 0, 5, 0, RNA
20, 0, 2, 10, 16, 4, 11, 9, 8, 0, 11, 20, 9, 6, 0, 19, 9, 16, 9, 10, 0, 18, 3, 0, 9, 0, RNA
13, 0, 3, 8, 15, 6, 17, 2, 31, 0, 20, 15, 4, 10, 0, 7, 15, 15, 7, 10, 0, 10, 3, 0, 7, 0, RNA
24, 0, 0, 9, 16, 5, 19, 4, 18, 0, 23, 13, 5, 7, 0, 10, 9, 21, 9, 11, 0, 22, 4, 0, 4, 0, RNA
2, 0, 4, 3, 2, 2, 7, 1, 2, 0, 9, 1, 2, 1, 0, 2, 1, 3, 0, 1, 0, 2, 3, 0, 2, 0, RNA
12, 0, 0, 7, 5, 2, 8, 5, 9, 0, 18, 19, 2, 3, 0, 8, 4, 14, 11, 6, 0, 10, 2, 0, 6, 0, RNA
8, 0, 0, 4, 2, 0, 5, 3, 2, 0, 18, 3, 3, 3, 0, 7, 1, 8, 2, 4, 0, 3, 1, 0, 3, 0, RNA
12, 0, 0, 5, 7, 2, 8, 5, 11, 0, 19, 15, 5, 1, 0, 9, 3, 13, 13, 8, 0, 8, 2, 0, 5, 0, RNA
7, 0, 1, 5, 3, 3, 10, 4, 10, 0, 22, 20, 4, 4, 0, 9, 9, 12, 11, 5, 0, 7, 2, 0, 5, 0, RNA
16, 0, 8, 9, 9, 11, 17, 8, 12, 0, 24, 12, 6, 6, 0, 10, 6, 22, 11, 5, 0, 14, 2, 0, 6, 0, RNA
25, 0, 4, 7, 10, 7, 33, 10, 16, 0, 26, 11, 3, 9, 0, 14, 5, 28, 8, 11, 0, 23, 1, 0, 6, 0, RNA
23, 0, 0, 9, 8, 5, 35, 10, 18, 0, 19, 16, 2, 11, 0, 11, 8, 26, 15, 10, 0, 20, 1, 0, 7, 0, RNA
8, 0, 0, 4, 10, 3, 7, 3, 10, 0, 18, 10, 3, 6, 0, 5, 5, 11, 8, 6, 0, 9, 0, 0, 4, 0, RNA
167, 0, 41, 116, 111, 91, 154, 50, 129, 0, 111, 185, 50, 100, 0, 124, 85, 96, 166, 149, 0, 150, 31, 0, 87, 0, RNA
12, 0, 3, 6, 5, 6, 16, 3, 6, 0, 17, 13, 3, 7, 0, 5, 3, 15, 6, 1, 0, 13, 2, 0, 0, 0, RNA
19, 0, 4, 10, 23, 14, 18, 1, 21, 0, 19, 23, 8, 9, 0, 25, 18, 25, 21, 16, 0, 17, 6, 0, 6, 0, RNA
11, 0, 1, 15, 16, 3, 13, 10, 4, 0, 4, 18, 5, 4, 0, 7, 5, 7, 4, 12, 0, 12, 1, 0, 2, 0, RNA
5, 0, 0, 6, 4, 1, 11, 3, 4, 0, 18, 4, 4, 4, 0, 6, 5, 3, 5, 4, 0, 15, 0, 0, 1, 0, RNA
36, 0, 7, 22, 36, 21, 35, 16, 25, 0, 20, 50, 14, 8, 0, 26, 20, 47, 22, 10, 0, 30, 5, 0, 14, 0, RNA
15, 0, 0, 7, 18, 13, 15, 4, 14, 0, 19, 23, 7, 13, 0, 9, 3, 12, 15, 17, 0, 14, 5, 0, 10, 0, RNA
19, 0, 0, 9, 12, 8, 26, 3, 8, 0, 19, 11, 4, 8, 0, 6, 8, 12, 9, 16, 0, 28, 2, 0, 1, 0, RNA
67, 0, 3, 42, 43, 16, 46, 23, 28, 0, 21, 74, 14, 18, 0, 27, 31, 53, 16, 32, 0, 38, 12, 0, 10, 0, RNA
2, 0, 3, 4, 9, 0, 5, 1, 10, 0, 17, 8, 1, 2, 0, 5, 2, 6, 3, 0, 0, 3, 2, 0, 4, 0, RNA
7, 0, 2, 5, 6, 3, 12, 1, 12, 0, 11, 8, 4, 6, 0, 5, 3, 12, 6, 5, 0, 14, 0, 0, 1, 0, RNA
13, 0, 1, 6, 8, 3, 9, 0, 10, 0, 11, 6, 3, 5, 0, 6, 3, 10, 4, 5, 0, 17, 0, 0, 2, 0, RNA
13, 0, 1, 6, 8, 3, 9, 0, 9, 0, 11, 6, 3, 5, 0, 6, 3, 10, 4, 5, 0, 18, 0, 0, 2, 0, RNA
9, 0, 2, 6, 7, 3, 12, 0, 11, 0, 10, 5, 2, 5, 0, 4, 3, 11, 8, 7, 0, 16, 0, 0, 1, 0, RNA
20, 0, 2, 14, 11, 9, 14, 10, 5, 0, 10, 17, 5, 2, 0, 8, 7, 22, 18, 9, 0, 15, 2, 0, 6, 0, RNA
6, 0, 2, 12, 8, 7, 8, 6, 18, 0, 17, 11, 5, 7, 0, 7, 7, 11, 10, 6, 0, 3, 1, 0, 10, 0, RNA
16, 0, 0, 7, 7, 2, 8, 3, 9, 0, 15, 8, 1, 5, 0, 1, 2, 9, 7, 7, 0, 8, 0, 0, 4, 0, RNA
25, 0, 2, 12, 26, 9, 37, 10, 35, 0, 22, 32, 2, 10, 0, 17, 8, 22, 18, 14, 0, 30, 5, 0, 5, 0, RNA
18, 0, 0, 8, 5, 3, 9, 3, 5, 0, 11, 10, 1, 5, 0, 1, 1, 11, 8, 8, 0, 10, 0, 0, 3, 0, RNA
18, 0, 0, 3, 11, 1, 7, 5, 11, 0, 11, 11, 3, 2, 0, 4, 5, 17, 13, 7, 0, 8, 0, 0, 3, 0, RNA
34, 0, 0, 20, 47, 13, 22, 6, 24, 0, 48, 43, 8, 12, 0, 18, 11, 33, 13, 10, 0, 20, 6, 0, 14, 0, RNA
4, 0, 1, 5, 9, 5, 7, 7, 11, 0, 8, 7, 1, 1, 0, 6, 1, 6, 4, 3, 0, 15, 1, 0, 2, 0, RNA
40, 0, 5, 30, 55, 28, 30, 9, 40, 0, 43, 43, 8, 11, 0, 25, 12, 32, 27, 22, 0, 43, 5, 0, 26, 0, RNA
5, 0, 0, 2, 7, 3, 7, 1, 5, 0, 5, 5, 3, 8, 0, 2, 1, 5, 7, 2, 0, 5, 1, 0, 4, 0, RNA
222, 0, 13, 49, 40, 29, 189, 49, 44, 0, 46, 88, 51, 84, 0, 109, 155, 42, 119, 69, 0, 91, 7, 0, 37, 0, RNA
6, 0, 2, 8, 16, 8, 9, 3, 11, 0, 18, 19, 5, 12, 0, 9, 7, 4, 12, 7, 0, 6, 1, 0, 8, 0, RNA
30, 0, 15, 35, 45, 50, 35, 32, 57, 0, 48, 157, 9, 81, 0, 33, 39, 35, 89, 45, 0, 33, 14, 0, 23, 0, RNA
23, 0, 1, 6, 9, 5, 31, 4, 13, 0, 21, 8, 7, 7, 0, 11, 8, 15, 7, 11, 0, 18, 3, 0, 3, 0, RNA
28, 0, 1, 4, 8, 7, 7, 5, 7, 0, 29, 17, 1, 10, 0, 8, 19, 19, 11, 9, 0, 12, 1, 0, 3, 0, RNA
22, 0, 1, 24, 11, 12, 20, 16, 29, 0, 26, 48, 14, 52, 0, 43, 43, 13, 85, 33, 0, 13, 4, 0, 14, 0, RNA
14, 0, 2, 15, 29, 13, 10, 9, 25, 0, 29, 27, 7, 16, 0, 3, 10, 9, 12, 13, 0, 21, 1, 0, 12, 0, RNA
2, 0, 0, 2, 3, 0, 5, 1, 3, 0, 6, 5, 2, 1, 0, 2, 3, 5, 3, 3, 0, 9, 0, 0, 0, 0, RNA
36, 0, 5, 6, 20, 22, 45, 5, 64, 0, 22, 49, 15, 7, 0, 20, 11, 12, 21, 19, 0, 34, 5, 0, 18, 0, RNA
22, 0, 0, 5, 5, 4, 15, 0, 10, 0, 14, 7, 5, 7, 0, 11, 4, 3, 6, 12, 0, 10, 1, 0, 3, 0, RNA
12, 0, 0, 1, 12, 5, 24, 2, 5, 0, 17, 13, 2, 10, 0, 5, 3, 9, 7, 8, 0, 10, 0, 0, 1, 0, RNA
23, 0, 1, 12, 10, 9, 18, 3, 13, 0, 26, 18, 2, 8, 0, 8, 9, 37, 14, 9, 0, 23, 0, 0, 6, 0, RNA
20, 0, 1, 5, 10, 5, 10, 0, 12, 0, 10, 7, 6, 6, 0, 10, 3, 7, 5, 7, 0, 9, 0, 0, 0, 0, RNA
4, 0, 0, 1, 9, 1, 1, 1, 3, 0, 9, 12, 2, 3, 0, 1, 6, 10, 4, 1, 0, 4, 0, 0, 0, 0, RNA
3, 0, 0, 4, 6, 2, 15, 3, 5, 0, 10, 13, 4, 5, 0, 5, 2, 16, 5, 9, 0, 11, 0, 0, 1, 0, RNA
2, 0, 0, 5, 5, 2, 13, 2, 7, 0, 11, 11, 5, 5, 0, 5, 2, 13, 6, 11, 0, 10, 0, 0, 2, 0, RNA
18, 0, 1, 9, 11, 4, 5, 1, 5, 0, 11, 17, 2, 5, 0, 5, 6, 9, 7, 2, 0, 13, 1, 0, 7, 0, RNA
41, 0, 12, 26, 21, 21, 41, 6, 44, 0, 10, 50, 8, 43, 0, 31, 29, 35, 43, 42, 0, 36, 13, 0, 24, 0, RNA
10, 0, 0, 2, 7, 2, 2, 1, 1, 0, 6, 7, 3, 2, 0, 2, 8, 8, 1, 2, 0, 3, 0, 0, 0, 0, RNA
38, 0, 16, 60, 61, 49, 56, 16, 42, 0, 65, 72, 24, 22, 0, 35, 30, 53, 70, 39, 0, 52, 11, 0, 24, 0, RNA
5, 0, 0, 0, 0, 2, 3, 1, 0, 0, 5, 3, 2, 2, 0, 1, 2, 11, 3, 3, 0, 3, 0, 0, 0, 0, RNA
11, 0, 0, 2, 6, 3, 7, 2, 5, 0, 16, 7, 1, 2, 0, 4, 2, 5, 1, 6, 0, 11, 1, 0, 4, 0, RNA
14, 0, 0, 7, 8, 3, 12, 7, 8, 0, 14, 9, 4, 4, 0, 6, 4, 11, 0, 12, 0, 12, 1, 0, 6, 0, RNA
4, 0, 4, 3, 3, 3, 8, 3, 3, 0, 8, 1, 1, 1, 0, 2, 4, 5, 5, 8, 0, 6, 0, 0, 3, 0, RNA
10, 0, 0, 4, 3, 2, 5, 6, 4, 0, 22, 14, 3, 4, 0, 4, 7, 11, 14, 7, 0, 11, 1, 0, 3, 0, RNA
9, 0, 0, 5, 8, 2, 12, 5, 5, 0, 17, 15, 4, 2, 0, 12, 4, 11, 1, 8, 0, 13, 2, 0, 5, 0, RNA
16, 0, 0, 4, 16, 0, 8, 2, 10, 0, 13, 21, 1, 4, 0, 9, 5, 10, 4, 7, 0, 13, 0, 0, 5, 0, RNA
30, 0, 1, 21, 46, 10, 25, 8, 14, 0, 18, 41, 11, 5, 0, 12, 11, 35, 16, 20, 0, 22, 0, 0, 8, 0, RNA
36, 0, 0, 21, 46, 9, 37, 4, 47, 0, 62, 46, 16, 12, 0, 14, 14, 20, 17, 21, 0, 21, 0, 0, 8, 0, RNA
15, 0, 7, 29, 30, 12, 20, 11, 31, 0, 46, 35, 10, 22, 0, 16, 21, 25, 20, 29, 0, 22, 9, 0, 18, 0, RNA
49, 0, 5, 38, 34, 19, 31, 16, 21, 0, 23, 36, 21, 18, 0, 15, 16, 30, 19, 18, 0, 29, 7, 0, 16, 0, RNA
36, 0, 4, 34, 41, 19, 27, 13, 41, 0, 52, 49, 13, 23, 0, 19, 29, 21, 22, 24, 0, 52, 3, 0, 21, 0, RNA
18, 0, 4, 24, 23, 11, 10, 3, 25, 0, 26, 26, 14, 24, 0, 6, 17, 17, 28, 7, 0, 18, 4, 0, 10, 0, RNA
47, 0, 1, 33, 69, 25, 39, 12, 50, 0, 56, 67, 15, 27, 0, 27, 12, 37, 20, 17, 0, 42, 9, 0, 24, 0, RNA
3, 0, 0, 3, 10, 3, 4, 3, 5, 0, 9, 9, 2, 5, 0, 5, 9, 6, 3, 7, 0, 7, 1, 0, 11, 0, RNA
14, 0, 0, 6, 12, 8, 15, 5, 4, 0, 13, 12, 6, 4, 0, 15, 6, 18, 5, 6, 0, 8, 2, 0, 6, 0, RNA
97, 0, 12, 73, 68, 57, 65, 31, 69, 0, 67, 126, 25, 62, 0, 39, 44, 72, 101, 77, 0, 69, 12, 0, 59, 0, RNA
14, 0, 0, 3, 7, 6, 13, 1, 6, 0, 16, 10, 6, 2, 0, 7, 5, 14, 2, 9, 0, 11, 2, 0, 2, 0, RNA
8, 0, 1, 19, 25, 14, 25, 10, 36, 0, 34, 42, 11, 35, 0, 23, 10, 15, 33, 21, 0, 31, 8, 0, 26, 0, RNA
26, 0, 6, 22, 33, 20, 51, 13, 15, 0, 16, 24, 14, 11, 0, 17, 15, 24, 37, 19, 0, 28, 2, 0, 22, 0, RNA
4, 0, 6, 6, 12, 3, 7, 1, 11, 0, 14, 8, 4, 1, 0, 3, 2, 6, 3, 5, 0, 6, 0, 0, 1, 0, RNA
6, 0, 3, 5, 9, 3, 5, 5, 6, 0, 11, 7, 2, 4, 0, 8, 2, 12, 3, 4, 0, 12, 1, 0, 5, 0, RNA
16, 0, 2, 6, 14, 1, 7, 1, 9, 0, 18, 10, 2, 3, 0, 5, 4, 3, 8, 5, 0, 13, 0, 0, 3, 0, RNA
58, 0, 2, 17, 17, 15, 32, 10, 9, 0, 10, 17, 7, 19, 0, 38, 21, 21, 23, 31, 0, 22, 1, 0, 27, 0, RNA
7, 0, 0, 5, 6, 6, 11, 4, 5, 0, 23, 7, 6, 5, 0, 5, 4, 12, 2, 13, 0, 8, 0, 0, 4, 0, RNA
52, 0, 17, 41, 43, 34, 55, 12, 51, 0, 58, 61, 35, 49, 0, 36, 19, 38, 40, 49, 0, 32, 6, 0, 24, 0, RNA
13, 0, 0, 4, 5, 4, 5, 5, 6, 0, 24, 11, 4, 12, 0, 4, 3, 7, 10, 16, 0, 12, 0, 0, 5, 0, RNA
19, 0, 1, 3, 17, 10, 9, 1, 5, 0, 12, 21, 3, 10, 0, 26, 7, 9, 14, 11, 0, 8, 3, 0, 7, 0, RNA
24, 0, 2, 11, 13, 13, 15, 7, 13, 0, 9, 27, 12, 17, 0, 20, 16, 16, 13, 13, 0, 24, 0, 0, 8, 0, RNA
11, 0, 0, 7, 5, 6, 4, 2, 8, 0, 11, 10, 5, 9, 0, 3, 3, 6, 5, 5, 0, 7, 0, 0, 4, 0, RNA
221, 0, 59, 147, 218, 106, 285, 73, 197, 0, 208, 321, 130, 108, 0, 149, 99, 195, 197, 270, 0, 235, 91, 0, 78, 0, RNA
11, 0, 0, 8, 11, 6, 8, 1, 12, 0, 11, 8, 1, 5, 0, 5, 7, 25, 6, 6, 0, 11, 0, 0, 4, 0, RNA
9, 0, 0, 10, 15, 9, 12, 0, 10, 0, 19, 15, 8, 10, 0, 6, 4, 11, 8, 10, 0, 19, 0, 0, 4, 0, RNA
12, 0, 0, 11, 12, 8, 13, 0, 14, 0, 18, 12, 8, 7, 0, 7, 6, 12, 7, 10, 0, 17, 0, 0, 5, 0, RNA
11, 0, 1, 13, 6, 11, 13, 6, 9, 0, 16, 21, 4, 4, 0, 7, 8, 9, 18, 6, 0, 11, 2, 0, 7, 0, RNA
3, 0, 2, 2, 8, 0, 8, 0, 4, 0, 4, 6, 3, 2, 0, 0, 2, 10, 2, 5, 0, 7, 0, 0, 0, 0, RNA
51, 0, 15, 51, 67, 52, 77, 33, 55, 0, 41, 71, 15, 69, 0, 47, 106, 61, 76, 55, 0, 75, 2, 0, 20, 0, RNA
203, 0, 33, 143, 128, 103, 156, 69, 102, 0, 140, 192, 61, 100, 0, 130, 79, 107, 122, 170, 0, 183, 24, 0, 82, 0, RNA
203, 0, 33, 141, 129, 104, 158, 68, 103, 0, 141, 191, 62, 101, 0, 130, 76, 108, 122, 169, 0, 183, 24, 0, 81, 0, RNA
31, 0, 10, 24, 35, 14, 26, 7, 25, 0, 36, 41, 9, 9, 0, 23, 8, 20, 21, 21, 0, 13, 3, 0, 10, 0, RNA
16, 0, 1, 28, 24, 7, 16, 1, 18, 0, 16, 28, 5, 9, 0, 15, 3, 14, 13, 10, 0, 29, 1, 0, 5, 0, RNA
22, 0, 5, 21, 38, 7, 13, 3, 22, 0, 21, 26, 9, 14, 0, 10, 7, 25, 16, 15, 0, 28, 1, 0, 12, 0, RNA
13, 0, 0, 8, 9, 3, 15, 2, 10, 0, 11, 8, 3, 5, 0, 6, 8, 12, 10, 2, 0, 12, 1, 0, 6, 0, RNA
15, 0, 0, 7, 6, 4, 14, 4, 2, 0, 16, 12, 4, 3, 0, 5, 8, 12, 7, 6, 0, 13, 3, 0, 4, 0, RNA
19, 0, 5, 16, 15, 12, 39, 11, 15, 0, 31, 32, 7, 13, 0, 26, 13, 15, 12, 23, 0, 24, 10, 0, 10, 0, RNA
3, 0, 0, 3, 8, 2, 6, 5, 5, 0, 7, 12, 3, 1, 0, 3, 5, 12, 3, 4, 0, 5, 0, 0, 2, 0, RNA
23, 0, 1, 9, 14, 10, 10, 4, 12, 0, 43, 27, 1, 11, 0, 15, 19, 13, 6, 13, 0, 18, 2, 0, 4, 0, RNA
9, 0, 3, 6, 3, 3, 15, 5, 3, 0, 8, 3, 22, 1, 0, 40, 5, 9, 6, 8, 0, 4, 1, 0, 5, 0, RNA
24, 0, 0, 12, 17, 7, 24, 7, 18, 0, 20, 16, 4, 7, 0, 14, 3, 15, 7, 11, 0, 18, 1, 0, 4, 0, RNA
16, 0, 4, 5, 3, 1, 3, 3, 8, 0, 13, 4, 2, 7, 0, 8, 1, 18, 8, 2, 0, 9, 0, 0, 4, 0, RNA
5, 0, 0, 0, 4, 1, 5, 2, 3, 0, 15, 5, 3, 1, 0, 3, 2, 5, 2, 3, 0, 4, 1, 0, 1, 0, RNA
5, 0, 0, 1, 2, 2, 9, 2, 3, 0, 14, 3, 6, 1, 0, 2, 1, 6, 2, 4, 0, 2, 1, 0, 0, 0, RNA
7, 0, 2, 19, 13, 4, 14, 2, 11, 0, 16, 10, 3, 9, 0, 3, 4, 10, 3, 3, 0, 6, 1, 0, 4, 0, RNA
3, 0, 6, 2, 4, 3, 5, 4, 1, 0, 10, 7, 2, 1, 0, 6, 4, 5, 6, 6, 0, 7, 0, 0, 2, 0, RNA
14, 0, 5, 22, 32, 12, 17, 7, 40, 0, 47, 34, 4, 16, 0, 10, 2, 18, 13, 5, 0, 24, 1, 0, 13, 0, RNA
14, 0, 0, 9, 16, 8, 12, 0, 11, 0, 12, 24, 5, 8, 0, 9, 5, 20, 3, 7, 0, 12, 2, 0, 5, 0, RNA
11, 0, 1, 9, 21, 13, 22, 5, 32, 0, 24, 31, 4, 12, 0, 12, 5, 18, 25, 11, 0, 20, 1, 0, 12, 0, RNA
2, 0, 4, 1, 3, 2, 4, 2, 2, 0, 5, 2, 3, 2, 0, 3, 2, 8, 1, 3, 0, 2, 1, 0, 3, 0, RNA
24, 0, 0, 4, 15, 5, 14, 1, 4, 0, 13, 29, 3, 7, 0, 9, 10, 7, 4, 6, 0, 15, 0, 0, 3, 0, RNA
13, 0, 1, 10, 4, 1, 9, 1, 4, 0, 27, 12, 1, 5, 0, 6, 2, 6, 7, 4, 0, 8, 1, 0, 3, 0, RNA
16, 0, 1, 8, 12, 4, 13, 2, 15, 0, 18, 11, 2, 7, 0, 11, 6, 8, 10, 6, 0, 13, 0, 0, 2, 0, RNA
14, 0, 0, 4, 5, 0, 5, 3, 8, 0, 18, 9, 2, 0, 0, 4, 5, 7, 10, 3, 0, 6, 1, 0, 4, 0, RNA
15, 0, 0, 5, 4, 2, 5, 4, 4, 0, 19, 7, 3, 1, 0, 4, 4, 6, 10, 3, 0, 8, 1, 0, 3, 0, RNA
33, 0, 0, 7, 19, 17, 23, 6, 1, 0, 12, 43, 2, 2, 0, 26, 6, 21, 11, 16, 0, 10, 3, 0, 6, 0, RNA
15, 0, 0, 5, 3, 5, 6, 2, 6, 0, 11, 9, 2, 9, 0, 2, 4, 21, 4, 4, 0, 4, 2, 0, 4, 0, RNA
38, 0, 3, 15, 21, 15, 21, 4, 21, 0, 19, 29, 9, 14, 0, 17, 10, 13, 18, 19, 0, 24, 1, 0, 6, 0, RNA
10, 0, 9, 8, 10, 3, 6, 4, 10, 0, 20, 13, 2, 4, 0, 5, 9, 13, 9, 9, 0, 3, 3, 0, 7, 0, RNA
8, 0, 0, 6, 4, 1, 11, 5, 4, 0, 15, 8, 2, 4, 0, 6, 6, 6, 6, 7, 0, 16, 0, 0, 0, 0, RNA
19, 0, 0, 5, 14, 4, 8, 2, 5, 0, 13, 12, 5, 6, 0, 6, 3, 18, 10, 5, 0, 16, 2, 0, 3, 0, RNA
5, 0, 0, 2, 7, 2, 8, 5, 4, 0, 13, 7, 3, 3, 0, 4, 1, 6, 3, 7, 0, 9, 1, 0, 3, 0, RNA
7, 0, 4, 6, 9, 2, 7, 2, 1, 0, 2, 2, 2, 3, 0, 2, 0, 5, 2, 8, 0, 1, 1, 0, 1, 0, RNA
7, 0, 0, 21, 20, 6, 15, 5, 13, 0, 4, 6, 5, 7, 0, 7, 6, 9, 7, 14, 0, 20, 2, 0, 4, 0, RNA
13, 0, 0, 5, 1, 4, 8, 2, 3, 0, 16, 13, 5, 8, 0, 1, 5, 13, 5, 5, 0, 7, 1, 0, 4, 0, RNA
76, 0, 12, 25, 56, 18, 57, 11, 23, 0, 15, 51, 12, 25, 0, 72, 20, 39, 65, 34, 0, 34, 3, 0, 11, 0, RNA
12, 0, 2, 5, 7, 3, 13, 2, 9, 0, 16, 13, 2, 2, 0, 7, 8, 14, 7, 4, 0, 12, 0, 0, 8, 0, RNA
59, 0, 13, 42, 57, 38, 44, 15, 36, 0, 52, 71, 20, 25, 0, 39, 30, 44, 43, 33, 0, 53, 4, 0, 21, 0, RNA
4, 0, 0, 8, 7, 3, 12, 3, 4, 0, 9, 4, 1, 3, 0, 8, 4, 8, 4, 6, 0, 7, 0, 0, 1, 0, RNA
5, 0, 2, 3, 2, 1, 12, 3, 8, 0, 11, 8, 1, 4, 0, 9, 6, 16, 5, 10, 0, 13, 0, 0, 4, 0, RNA
11, 0, 1, 3, 5, 1, 12, 3, 4, 0, 21, 7, 1, 3, 0, 8, 2, 14, 6, 8, 0, 17, 0, 0, 5, 0, RNA
10, 0, 1, 11, 13, 7, 16, 4, 11, 0, 19, 23, 2, 4, 0, 7, 7, 27, 7, 5, 0, 14, 2, 0, 4, 0, RNA
9, 0, 1, 1, 8, 3, 1, 1, 1, 0, 9, 4, 1, 2, 0, 3, 0, 14, 2, 3, 0, 6, 0, 0, 2, 0, RNA
41, 0, 13, 43, 57, 25, 43, 23, 37, 0, 40, 53, 23, 25, 0, 23, 23, 43, 30, 24, 0, 41, 11, 0, 24, 0, RNA
76, 0, 21, 58, 72, 27, 58, 32, 50, 0, 58, 107, 20, 58, 0, 98, 70, 63, 122, 70, 0, 88, 10, 0, 33, 0, RNA
18, 0, 0, 15, 17, 4, 8, 2, 5, 0, 5, 8, 2, 1, 0, 5, 3, 3, 3, 5, 0, 15, 0, 0, 1, 0, RNA
3, 0, 0, 2, 7, 4, 6, 2, 5, 0, 6, 9, 1, 2, 0, 3, 5, 6, 3, 5, 0, 8, 0, 0, 3, 0, RNA
13, 0, 0, 8, 10, 6, 6, 1, 9, 0, 3, 21, 1, 10, 0, 8, 6, 10, 9, 22, 0, 12, 2, 0, 6, 0, RNA
35, 0, 0, 27, 18, 6, 18, 4, 5, 0, 11, 18, 1, 5, 0, 12, 9, 22, 15, 14, 0, 22, 0, 0, 4, 0, RNA
11, 0, 18, 8, 16, 14, 22, 11, 10, 0, 19, 18, 8, 9, 0, 24, 20, 13, 18, 10, 0, 11, 2, 0, 7, 0, RNA
7, 0, 0, 6, 9, 1, 4, 1, 14, 0, 6, 5, 4, 2, 0, 5, 4, 14, 6, 7, 0, 6, 1, 0, 0, 0, RNA
13, 0, 1, 2, 10, 3, 14, 3, 2, 0, 13, 13, 3, 4, 0, 4, 8, 11, 4, 9, 0, 15, 0, 0, 1, 0, RNA
9, 0, 0, 6, 7, 3, 5, 5, 6, 0, 9, 9, 2, 5, 0, 0, 6, 3, 2, 7, 0, 8, 0, 0, 3, 0, RNA
11, 0, 0, 9, 10, 7, 13, 0, 17, 0, 18, 16, 8, 8, 0, 8, 10, 12, 8, 10, 0, 10, 0, 0, 5, 0, RNA
24, 0, 0, 5, 14, 6, 11, 2, 7, 0, 11, 12, 1, 8, 0, 3, 4, 7, 6, 7, 0, 20, 0, 0, 1, 0, RNA
14, 0, 4, 10, 9, 4, 19, 6, 6, 0, 38, 18, 5, 6, 0, 3, 8, 2, 7, 15, 0, 8, 0, 0, 7, 0, RNA
25, 0, 0, 17, 22, 8, 15, 3, 17, 0, 14, 27, 12, 8, 0, 13, 5, 18, 13, 9, 0, 17, 1, 0, 4, 0, RNA
13, 0, 0, 6, 6, 1, 10, 3, 5, 0, 8, 12, 3, 2, 0, 3, 4, 16, 3, 9, 0, 10, 0, 0, 2, 0, RNA
14, 0, 0, 10, 16, 4, 5, 6, 7, 0, 6, 5, 7, 4, 0, 5, 4, 12, 4, 7, 0, 10, 1, 0, 4, 0, RNA
14, 0, 0, 10, 20, 4, 5, 6, 7, 0, 6, 5, 7, 4, 0, 5, 4, 12, 4, 7, 0, 10, 1, 0, 4, 0, RNA
7, 0, 0, 11, 22, 14, 16, 3, 23, 0, 21, 24, 7, 8, 0, 11, 1, 15, 19, 8, 0, 18, 2, 0, 9, 0, RNA
12, 0, 0, 5, 12, 3, 12, 1, 13, 0, 12, 6, 6, 3, 0, 7, 3, 16, 4, 8, 0, 8, 2, 0, 2, 0, RNA
33, 0, 2, 19, 46, 7, 26, 7, 15, 0, 21, 43, 7, 10, 0, 18, 14, 32, 17, 19, 0, 27, 8, 0, 7, 0, RNA
13, 0, 1, 9, 9, 3, 12, 6, 8, 0, 7, 25, 7, 6, 0, 10, 9, 20, 9, 8, 0, 6, 2, 0, 5, 0, RNA
52, 0, 1, 27, 67, 30, 45, 12, 10, 0, 22, 79, 10, 6, 0, 41, 16, 61, 18, 16, 0, 46, 9, 0, 12, 0, RNA
22, 0, 2, 17, 9, 10, 21, 7, 27, 0, 18, 33, 8, 14, 0, 37, 11, 11, 22, 29, 0, 20, 2, 0, 6, 0, RNA
14, 0, 9, 7, 2, 4, 13, 1, 7, 0, 6, 15, 3, 14, 0, 3, 3, 12, 11, 7, 0, 7, 6, 0, 3, 0, RNA
33, 0, 1, 7, 13, 7, 20, 6, 4, 0, 14, 14, 7, 5, 0, 22, 6, 27, 10, 11, 0, 9, 2, 0, 7, 0, RNA
10, 0, 0, 4, 11, 1, 12, 7, 8, 0, 15, 14, 6, 4, 0, 8, 3, 10, 6, 12, 0, 7, 1, 0, 6, 0, RNA
28, 0, 6, 16, 22, 5, 23, 6, 18, 0, 14, 34, 6, 12, 0, 15, 19, 21, 13, 11, 0, 30, 8, 0, 8, 0, RNA
84, 0, 2, 28, 86, 38, 71, 17, 16, 0, 18, 115, 8, 9, 0, 72, 15, 75, 23, 23, 0, 63, 5, 0, 17, 0, RNA
41, 0, 0, 47, 42, 7, 25, 1, 17, 0, 6, 31, 5, 10, 0, 17, 16, 13, 21, 17, 0, 27, 1, 0, 4, 0, RNA
17, 0, 3, 13, 15, 12, 14, 4, 11, 0, 18, 17, 4, 11, 0, 12, 11, 8, 6, 13, 0, 18, 3, 0, 9, 0, RNA
18, 0, 3, 6, 6, 3, 4, 1, 12, 0, 8, 14, 2, 6, 0, 8, 6, 5, 6, 7, 0, 9, 0, 0, 2, 0, RNA
24, 0, 1, 7, 10, 6, 32, 3, 16, 0, 20, 20, 4, 8, 0, 14, 13, 18, 17, 16, 0, 22, 3, 0, 5, 0, RNA
6, 0, 2, 8, 9, 4, 4, 1, 11, 0, 14, 11, 2, 9, 0, 2, 1, 3, 6, 5, 0, 8, 1, 0, 2, 0, RNA
41, 0, 2, 66, 82, 21, 44, 18, 35, 0, 37, 40, 24, 63, 0, 66, 83, 29, 67, 29, 0, 29, 1, 0, 25, 0, RNA
3, 0, 0, 3, 12, 1, 4, 2, 12, 0, 14, 6, 2, 6, 0, 5, 11, 6, 7, 10, 0, 14, 1, 0, 2, 0, RNA
40, 0, 2, 17, 24, 9, 20, 8, 19, 0, 10, 37, 8, 2, 0, 17, 18, 24, 20, 12, 0, 16, 5, 0, 8, 0, RNA
35, 0, 14, 37, 35, 29, 36, 9, 55, 0, 51, 58, 10, 26, 0, 34, 28, 33, 37, 24, 0, 40, 1, 0, 16, 0, RNA
31, 0, 3, 15, 13, 9, 16, 11, 10, 0, 11, 20, 6, 11, 0, 15, 12, 20, 10, 14, 0, 26, 5, 0, 12, 0, RNA
24, 0, 1, 10, 20, 7, 10, 2, 17, 0, 15, 14, 3, 13, 0, 9, 11, 17, 9, 16, 0, 23, 1, 0, 3, 0, RNA
14, 0, 0, 7, 18, 1, 10, 2, 6, 0, 9, 15, 3, 5, 0, 2, 5, 6, 7, 8, 0, 23, 2, 0, 0, 0, RNA
59, 0, 5, 34, 28, 12, 132, 11, 40, 0, 31, 20, 14, 20, 0, 105, 63, 30, 32, 21, 0, 26, 7, 0, 21, 0, RNA
39, 0, 10, 37, 46, 24, 33, 16, 35, 0, 32, 40, 12, 27, 0, 28, 15, 40, 28, 27, 0, 35, 8, 0, 22, 0, RNA
17, 0, 0, 5, 9, 1, 16, 4, 13, 0, 10, 4, 3, 3, 0, 8, 2, 14, 8, 7, 0, 9, 2, 0, 2, 0, RNA
26, 0, 2, 17, 28, 10, 18, 2, 20, 0, 19, 19, 12, 6, 0, 12, 7, 20, 13, 4, 0, 18, 0, 0, 5, 0, RNA
23, 0, 1, 9, 21, 6, 10, 3, 18, 0, 16, 15, 3, 13, 0, 7, 13, 16, 12, 12, 0, 24, 1, 0, 4, 0, RNA
28, 0, 8, 28, 24, 12, 25, 5, 26, 0, 24, 30, 14, 20, 0, 15, 15, 27, 17, 21, 0, 33, 4, 0, 8, 0, RNA
32, 0, 3, 16, 19, 6, 25, 3, 15, 0, 16, 39, 9, 9, 0, 21, 17, 15, 18, 17, 0, 24, 7, 0, 4, 0, RNA
3, 0, 1, 2, 7, 5, 6, 2, 4, 0, 4, 9, 2, 9, 0, 4, 2, 4, 7, 4, 0, 8, 0, 0, 3, 0, RNA
28, 0, 7, 26, 31, 15, 35, 8, 20, 0, 22, 33, 6, 9, 0, 14, 18, 17, 13, 19, 0, 29, 5, 0, 13, 0, RNA
19, 0, 9, 23, 21, 15, 29, 7, 29, 0, 33, 29, 7, 33, 0, 59, 23, 36, 46, 21, 0, 22, 1, 0, 14, 0, RNA
7, 0, 3, 10, 6, 5, 13, 6, 16, 0, 16, 13, 3, 9, 0, 4, 3, 14, 5, 10, 0, 7, 2, 0, 3, 0, RNA
58, 0, 0, 38, 24, 12, 71, 12, 18, 0, 41, 27, 9, 38, 0, 33, 22, 27, 44, 23, 0, 37, 8, 0, 9, 0, RNA
10, 0, 2, 20, 11, 7, 35, 3, 7, 0, 8, 6, 3, 7, 0, 17, 1, 43, 28, 7, 0, 17, 1, 0, 15, 0, RNA
4, 0, 0, 3, 6, 4, 7, 1, 5, 0, 6, 9, 3, 7, 0, 0, 2, 2, 12, 6, 0, 6, 0, 0, 3, 0, RNA
15, 0, 2, 5, 4, 3, 17, 0, 7, 0, 11, 9, 6, 8, 0, 7, 2, 10, 10, 3, 0, 14, 2, 0, 2, 0, RNA
35, 0, 6, 30, 41, 21, 25, 11, 31, 0, 31, 39, 6, 20, 0, 15, 20, 25, 23, 24, 0, 30, 0, 0, 13, 0, RNA
33, 0, 2, 16, 20, 15, 31, 17, 18, 0, 43, 21, 7, 8, 0, 14, 7, 33, 21, 27, 0, 35, 7, 0, 12, 0, RNA
22, 0, 1, 17, 24, 9, 21, 8, 26, 0, 21, 27, 10, 12, 0, 10, 9, 19, 16, 14, 0, 25, 3, 0, 7, 0, RNA
28, 0, 0, 6, 16, 2, 8, 0, 6, 0, 13, 8, 4, 1, 0, 2, 1, 1, 6, 3, 0, 16, 0, 0, 0, 0, RNA
63, 0, 9, 99, 97, 87, 53, 19, 106, 0, 173, 109, 13, 100, 0, 28, 54, 35, 79, 51, 0, 50, 8, 0, 67, 0, RNA
3, 0, 0, 6, 5, 2, 7, 0, 7, 0, 8, 7, 3, 3, 0, 1, 2, 4, 5, 2, 0, 9, 0, 0, 3, 0, RNA
15, 0, 2, 6, 14, 1, 7, 1, 9, 0, 18, 10, 1, 2, 0, 5, 4, 3, 8, 5, 0, 13, 0, 0, 3, 0, RNA
23, 0, 1, 8, 14, 14, 14, 6, 14, 0, 29, 17, 4, 13, 0, 9, 9, 21, 7, 10, 0, 16, 3, 0, 7, 0, RNA
72, 0, 31, 29, 58, 23, 56, 32, 18, 0, 39, 68, 8, 23, 0, 73, 48, 39, 91, 39, 0, 33, 7, 0, 23, 0, RNA
9, 0, 4, 12, 9, 10, 10, 2, 8, 0, 28, 25, 6, 14, 0, 9, 8, 9, 19, 6, 0, 23, 1, 0, 5, 0, RNA
25, 0, 1, 6, 15, 7, 17, 1, 15, 0, 18, 17, 2, 2, 0, 10, 9, 14, 10, 6, 0, 15, 0, 0, 2, 0, RNA
27, 0, 1, 7, 13, 8, 14, 2, 14, 0, 19, 16, 2, 2, 0, 10, 9, 14, 12, 7, 0, 13, 0, 0, 2, 0, RNA
8, 0, 0, 14, 16, 1, 6, 3, 2, 0, 7, 10, 1, 4, 0, 4, 5, 13, 6, 6, 0, 13, 0, 0, 1, 0, RNA
15, 0, 2, 5, 4, 3, 18, 1, 10, 0, 15, 8, 4, 8, 0, 6, 1, 11, 9, 3, 0, 13, 1, 0, 3, 0, RNA
12, 0, 0, 6, 11, 1, 10, 2, 5, 0, 6, 8, 1, 4, 0, 4, 4, 9, 10, 6, 0, 15, 1, 0, 1, 0, RNA
6, 0, 1, 0, 8, 1, 9, 1, 7, 0, 14, 9, 1, 2, 0, 4, 4, 11, 6, 3, 0, 9, 0, 0, 2, 0, RNA
31, 0, 1, 13, 27, 9, 11, 5, 15, 0, 7, 19, 2, 11, 0, 16, 9, 15, 11, 17, 0, 22, 5, 0, 6, 0, RNA
2, 0, 1, 3, 11, 1, 10, 1, 3, 0, 5, 11, 6, 6, 0, 4, 1, 3, 3, 2, 0, 7, 1, 0, 5, 0, RNA
7, 0, 0, 5, 5, 2, 5, 5, 3, 0, 6, 12, 2, 2, 0, 0, 4, 12, 6, 6, 0, 5, 0, 0, 2, 0, RNA
8, 0, 0, 9, 7, 4, 12, 5, 11, 0, 16, 14, 2, 6, 0, 3, 6, 20, 3, 9, 0, 12, 2, 0, 3, 0, RNA
17, 0, 1, 8, 4, 3, 15, 2, 6, 0, 9, 6, 3, 3, 0, 5, 4, 15, 9, 11, 0, 14, 0, 0, 2, 0, RNA
43, 0, 3, 33, 57, 28, 32, 12, 28, 0, 48, 56, 11, 16, 0, 26, 23, 36, 28, 25, 0, 33, 1, 0, 18, 0, RNA
15, 0, 3, 8, 20, 7, 24, 3, 20, 0, 14, 16, 6, 9, 0, 9, 6, 23, 7, 12, 0, 24, 4, 0, 6, 0, RNA
14, 0, 0, 1, 4, 7, 12, 4, 4, 0, 18, 10, 1, 11, 0, 1, 8, 8, 6, 10, 0, 14, 1, 0, 0, 0, RNA
12, 0, 1, 5, 5, 2, 11, 1, 10, 0, 15, 12, 5, 5, 0, 7, 13, 13, 9, 2, 0, 10, 0, 0, 7, 0, RNA
17, 0, 0, 8, 8, 4, 24, 4, 9, 0, 17, 13, 2, 6, 0, 11, 8, 11, 6, 11, 0, 22, 0, 0, 4, 0, RNA
24, 0, 3, 19, 26, 6, 25, 5, 18, 0, 13, 35, 8, 9, 0, 19, 12, 27, 16, 14, 0, 21, 0, 0, 14, 0, RNA
18, 0, 0, 4, 8, 3, 11, 4, 9, 0, 15, 12, 4, 6, 0, 5, 6, 18, 9, 8, 0, 11, 1, 0, 3, 0, RNA
42, 0, 12, 32, 30, 24, 72, 19, 18, 0, 30, 37, 15, 34, 0, 58, 26, 40, 46, 18, 0, 40, 2, 0, 28, 0, RNA
20, 0, 1, 9, 8, 3, 19, 3, 8, 0, 16, 12, 2, 7, 0, 8, 7, 10, 4, 12, 0, 22, 1, 0, 5, 0, RNA
5, 0, 1, 2, 4, 3, 5, 3, 2, 0, 7, 6, 2, 4, 0, 2, 1, 11, 5, 5, 0, 8, 1, 0, 1, 0, RNA
9, 0, 0, 6, 18, 2, 19, 4, 8, 0, 17, 12, 3, 8, 0, 9, 2, 13, 11, 10, 0, 24, 0, 0, 4, 0, RNA
4, 0, 1, 2, 3, 3, 9, 4, 2, 0, 10, 6, 2, 5, 0, 1, 3, 5, 4, 3, 0, 2, 1, 0, 2, 0, RNA
29, 0, 4, 17, 47, 21, 20, 14, 36, 0, 44, 55, 12, 26, 0, 21, 29, 22, 44, 21, 0, 20, 3, 0, 9, 0, RNA
18, 0, 8, 12, 20, 8, 19, 7, 15, 0, 26, 28, 8, 18, 0, 19, 12, 10, 21, 27, 0, 14, 2, 0, 6, 0, RNA
13, 0, 0, 13, 20, 8, 16, 5, 10, 0, 7, 10, 5, 4, 0, 9, 4, 12, 12, 11, 0, 14, 0, 0, 4, 0, RNA
13, 0, 1, 9, 10, 6, 9, 8, 10, 0, 10, 19, 7, 4, 0, 15, 9, 13, 8, 7, 0, 8, 4, 0, 8, 0, RNA
25, 0, 2, 9, 9, 19, 15, 4, 10, 0, 15, 16, 11, 12, 0, 10, 13, 8, 10, 13, 0, 20, 4, 0, 8, 0, RNA
4, 0, 1, 4, 12, 5, 3, 4, 10, 0, 10, 10, 4, 7, 0, 4, 1, 9, 7, 4, 0, 10, 1, 0, 0, 0, RNA
17, 0, 1, 21, 17, 3, 16, 2, 19, 0, 25, 32, 4, 13, 0, 14, 7, 7, 21, 16, 0, 27, 2, 0, 11, 0, RNA
22, 0, 1, 4, 5, 3, 7, 0, 8, 0, 17, 11, 2, 2, 0, 4, 7, 11, 7, 7, 0, 15, 4, 0, 1, 0, RNA
10, 0, 2, 2, 4, 8, 9, 5, 10, 0, 20, 5, 2, 7, 0, 8, 6, 12, 9, 13, 0, 17, 1, 0, 6, 0, RNA
16, 0, 7, 14, 14, 15, 15, 2, 17, 0, 17, 18, 4, 13, 0, 11, 7, 8, 18, 16, 0, 19, 1, 0, 8, 0, RNA
7, 0, 0, 2, 6, 3, 4, 0, 4, 0, 14, 11, 1, 2, 0, 4, 2, 13, 4, 6, 0, 4, 0, 0, 1, 0, RNA
6, 0, 0, 2, 6, 3, 5, 0, 4, 0, 14, 11, 1, 2, 0, 4, 2, 13, 4, 6, 0, 4, 0, 0, 1, 0, RNA
25, 0, 2, 6, 10, 4, 10, 2, 8, 0, 12, 16, 2, 5, 0, 7, 7, 9, 17, 19, 0, 21, 3, 0, 5, 0, RNA
117, 0, 12, 52, 47, 39, 116, 35, 38, 0, 41, 99, 25, 60, 0, 80, 98, 47, 117, 47, 0, 76, 6, 0, 34, 0, RNA
11, 0, 1, 12, 14, 5, 13, 1, 9, 0, 8, 8, 3, 6, 0, 4, 4, 12, 6, 7, 0, 15, 1, 0, 5, 0, RNA
18, 0, 5, 6, 12, 10, 13, 3, 16, 0, 20, 8, 4, 11, 0, 7, 9, 14, 8, 12, 0, 18, 2, 0, 4, 0, RNA
24, 0, 0, 5, 10, 9, 13, 4, 5, 0, 26, 18, 2, 5, 0, 8, 4, 16, 11, 8, 0, 22, 1, 0, 8, 0, RNA
11, 0, 2, 4, 4, 1, 9, 2, 7, 0, 7, 4, 2, 0, 0, 10, 3, 7, 19, 11, 0, 10, 2, 0, 1, 0, RNA
28, 0, 5, 35, 17, 17, 31, 5, 22, 0, 30, 38, 14, 16, 0, 20, 14, 20, 30, 26, 0, 26, 7, 0, 21, 0, RNA
8, 0, 1, 8, 16, 12, 16, 5, 12, 0, 14, 27, 4, 11, 0, 20, 12, 13, 7, 13, 0, 14, 4, 0, 10, 0, RNA
8, 0, 0, 11, 8, 3, 3, 2, 2, 0, 6, 2, 4, 4, 0, 1, 6, 3, 4, 4, 0, 12, 1, 0, 1, 0, RNA
10, 0, 1, 4, 4, 0, 6, 0, 8, 0, 10, 5, 3, 0, 0, 1, 3, 1, 10, 3, 0, 12, 0, 0, 1, 0, RNA
18, 0, 1, 5, 10, 6, 4, 1, 8, 0, 2, 11, 4, 12, 0, 8, 12, 10, 13, 13, 0, 10, 2, 0, 7, 0, RNA
12, 0, 0, 6, 11, 1, 8, 1, 9, 0, 7, 11, 5, 5, 0, 2, 5, 16, 4, 9, 0, 4, 0, 0, 4, 0, RNA
14, 0, 1, 8, 7, 8, 6, 0, 9, 0, 2, 12, 1, 10, 0, 8, 9, 11, 16, 16, 0, 14, 3, 0, 4, 0, RNA
14, 0, 0, 6, 7, 4, 5, 2, 8, 0, 16, 10, 3, 6, 0, 7, 5, 14, 7, 5, 0, 13, 0, 0, 2, 0, RNA
2, 0, 2, 4, 7, 2, 4, 3, 7, 0, 10, 5, 2, 2, 0, 2, 1, 7, 4, 6, 0, 12, 1, 0, 1, 0, RNA
8, 0, 3, 8, 13, 9, 15, 2, 11, 0, 19, 9, 7, 10, 0, 3, 3, 16, 8, 10, 0, 13, 1, 0, 4, 0, RNA
17, 0, 0, 16, 11, 2, 15, 2, 5, 0, 13, 9, 1, 5, 0, 1, 8, 19, 9, 4, 0, 6, 2, 0, 4, 0, RNA
35, 0, 2, 27, 36, 10, 37, 19, 48, 0, 20, 33, 19, 20, 0, 17, 10, 24, 15, 30, 0, 30, 1, 0, 15, 0, RNA
15, 0, 8, 21, 9, 8, 27, 8, 19, 0, 17, 28, 5, 14, 0, 10, 12, 14, 30, 31, 0, 22, 13, 0, 6, 0, RNA
24, 0, 3, 9, 13, 4, 10, 4, 16, 0, 16, 15, 5, 12, 0, 7, 6, 17, 11, 11, 0, 13, 3, 0, 5, 0, RNA
3, 0, 4, 1, 3, 1, 7, 2, 0, 0, 10, 0, 1, 1, 0, 1, 2, 4, 6, 7, 0, 1, 1, 0, 2, 0, RNA
43, 0, 16, 46, 37, 30, 57, 21, 49, 0, 45, 84, 19, 39, 0, 42, 55, 69, 51, 51, 0, 61, 11, 0, 36, 0, RNA
9, 0, 0, 3, 6, 5, 13, 8, 8, 0, 18, 5, 3, 8, 0, 6, 8, 15, 7, 8, 0, 17, 0, 0, 10, 0, RNA
14, 0, 0, 8, 16, 6, 25, 4, 12, 0, 24, 13, 6, 8, 0, 10, 8, 12, 10, 8, 0, 22, 0, 0, 3, 0, RNA
8, 0, 4, 0, 1, 3, 9, 4, 1, 0, 14, 3, 2, 3, 0, 3, 1, 15, 9, 10, 0, 2, 1, 0, 4, 0, RNA
42, 0, 11, 32, 63, 31, 54, 5, 56, 0, 64, 78, 31, 36, 0, 28, 33, 52, 44, 40, 0, 40, 12, 0, 18, 0, RNA
66, 0, 11, 52, 104, 36, 73, 19, 51, 0, 60, 84, 21, 22, 0, 34, 20, 64, 36, 33, 0, 81, 11, 0, 28, 0, RNA
12, 0, 1, 3, 17, 2, 17, 7, 8, 0, 7, 18, 4, 3, 0, 2, 2, 9, 10, 8, 0, 12, 2, 0, 4, 0, RNA
21, 0, 0, 10, 20, 1, 7, 5, 11, 0, 16, 25, 2, 8, 0, 7, 8, 14, 6, 9, 0, 9, 1, 0, 5, 0, RNA
9, 0, 0, 3, 11, 7, 13, 2, 12, 0, 11, 11, 3, 3, 0, 5, 3, 9, 7, 3, 0, 11, 1, 0, 6, 0, RNA
38, 0, 6, 38, 39, 25, 38, 13, 25, 0, 34, 49, 17, 18, 0, 20, 24, 31, 19, 35, 0, 43, 4, 0, 13, 0, RNA
5, 0, 0, 4, 5, 3, 7, 2, 7, 0, 7, 9, 5, 5, 0, 8, 5, 7, 6, 6, 0, 9, 0, 0, 1, 0, RNA
11, 0, 0, 4, 12, 2, 4, 5, 9, 0, 9, 9, 4, 8, 0, 4, 6, 5, 4, 8, 0, 7, 1, 0, 1, 0, RNA
7, 0, 4, 15, 17, 8, 7, 4, 8, 0, 25, 12, 6, 13, 0, 9, 9, 12, 7, 7, 0, 15, 0, 0, 9, 0, RNA
35, 0, 11, 29, 24, 29, 20, 12, 29, 0, 25, 54, 18, 20, 0, 22, 25, 23, 43, 18, 0, 31, 2, 0, 15, 0, RNA
22, 0, 3, 14, 16, 9, 18, 1, 20, 0, 37, 18, 2, 12, 0, 7, 8, 18, 19, 21, 0, 11, 3, 0, 6, 0, RNA
11, 0, 4, 3, 0, 2, 11, 3, 1, 0, 12, 2, 4, 2, 0, 3, 5, 14, 1, 9, 0, 2, 1, 0, 4, 0, RNA
10, 0, 2, 5, 4, 5, 3, 3, 17, 0, 12, 10, 2, 6, 0, 1, 5, 22, 5, 4, 0, 3, 1, 0, 8, 0, RNA
17, 0, 0, 18, 23, 4, 21, 7, 3, 0, 10, 8, 1, 3, 0, 2, 5, 15, 6, 7, 0, 14, 0, 0, 1, 0, RNA
55, 0, 2, 12, 20, 13, 29, 11, 18, 0, 38, 28, 3, 25, 0, 13, 20, 35, 19, 26, 0, 32, 3, 0, 8, 0, RNA
62, 0, 0, 11, 13, 13, 20, 9, 15, 0, 9, 30, 15, 13, 0, 29, 75, 18, 25, 21, 0, 21, 0, 0, 5, 0, RNA
27, 0, 8, 17, 20, 9, 20, 7, 23, 0, 16, 25, 8, 14, 0, 24, 23, 18, 26, 28, 0, 18, 3, 0, 6, 0, RNA
16, 0, 0, 12, 12, 9, 15, 1, 13, 0, 9, 16, 7, 9, 0, 8, 8, 20, 5, 11, 0, 12, 1, 0, 3, 0, RNA
24, 0, 1, 8, 23, 8, 17, 3, 16, 0, 20, 18, 5, 6, 0, 10, 4, 19, 12, 12, 0, 24, 0, 0, 7, 0, RNA
7, 0, 0, 3, 8, 8, 4, 2, 5, 0, 11, 11, 4, 6, 0, 3, 7, 8, 6, 9, 0, 8, 0, 0, 1, 0, RNA
13, 0, 0, 10, 24, 7, 17, 4, 20, 0, 21, 15, 2, 7, 0, 13, 4, 14, 10, 7, 0, 26, 3, 0, 10, 0, RNA
28, 0, 6, 25, 28, 24, 26, 28, 19, 0, 21, 48, 8, 14, 0, 17, 26, 30, 27, 18, 0, 32, 9, 0, 17, 0, RNA
9, 0, 2, 6, 21, 8, 17, 4, 7, 0, 15, 11, 1, 9, 0, 4, 6, 13, 4, 9, 0, 9, 1, 0, 6, 0, RNA
12, 0, 3, 19, 17, 11, 24, 8, 11, 0, 21, 9, 5, 13, 0, 4, 3, 49, 50, 8, 0, 14, 3, 0, 14, 0, RNA
13, 0, 0, 7, 3, 1, 5, 1, 6, 0, 2, 12, 3, 5, 0, 9, 2, 10, 8, 10, 0, 14, 1, 0, 2, 0, RNA
8, 0, 0, 6, 4, 2, 6, 2, 4, 0, 7, 5, 1, 1, 0, 4, 3, 14, 2, 5, 0, 7, 2, 0, 5, 0, RNA
67, 0, 1, 51, 119, 27, 81, 1, 16, 0, 89, 30, 7, 21, 0, 33, 17, 27, 39, 37, 0, 43, 2, 0, 6, 0, RNA
5, 0, 1, 5, 5, 5, 4, 0, 5, 0, 9, 8, 1, 3, 0, 3, 5, 11, 2, 4, 0, 8, 0, 0, 4, 0, RNA
3, 0, 3, 5, 8, 6, 10, 3, 10, 0, 14, 13, 3, 7, 0, 4, 3, 8, 4, 6, 0, 15, 1, 0, 4, 0, RNA
40, 0, 5, 29, 28, 23, 44, 7, 32, 0, 48, 40, 33, 22, 0, 12, 32, 16, 28, 24, 0, 31, 2, 0, 8, 0, RNA
6, 0, 2, 5, 8, 4, 7, 2, 6, 0, 17, 14, 3, 4, 0, 9, 5, 5, 9, 11, 0, 7, 2, 0, 4, 0, RNA
6, 0, 5, 2, 3, 3, 5, 3, 2, 0, 7, 9, 1, 1, 0, 4, 3, 4, 7, 10, 0, 6, 0, 0, 1, 0, RNA
39, 0, 4, 15, 12, 23, 32, 2, 19, 0, 10, 23, 10, 24, 0, 32, 17, 27, 40, 30, 0, 36, 5, 0, 7, 0, RNA
6, 0, 5, 1, 3, 5, 9, 4, 0, 0, 23, 7, 1, 1, 0, 2, 9, 8, 2, 10, 0, 7, 0, 0, 3, 0, RNA
11, 0, 4, 4, 8, 4, 11, 6, 5, 0, 8, 17, 3, 6, 0, 7, 4, 12, 4, 9, 0, 8, 1, 0, 3, 0, RNA
8, 0, 2, 10, 24, 13, 14, 2, 12, 0, 30, 30, 4, 14, 0, 12, 7, 10, 10, 8, 0, 30, 1, 0, 7, 0, RNA
6, 0, 2, 6, 6, 8, 11, 4, 11, 0, 11, 12, 5, 7, 0, 3, 4, 11, 5, 5, 0, 11, 1, 0, 1, 0, RNA
12, 0, 4, 4, 13, 3, 9, 6, 9, 0, 25, 13, 7, 8, 0, 9, 11, 15, 10, 8, 0, 10, 3, 0, 5, 0, RNA
11, 0, 0, 4, 5, 4, 6, 2, 6, 0, 5, 4, 1, 4, 0, 2, 2, 10, 3, 3, 0, 8, 1, 0, 1, 0, RNA
32, 0, 3, 16, 13, 16, 39, 4, 21, 0, 22, 36, 9, 20, 0, 16, 19, 16, 29, 22, 0, 20, 2, 0, 12, 0, RNA
41, 0, 1, 19, 54, 17, 34, 8, 16, 0, 24, 58, 7, 8, 0, 31, 9, 47, 15, 19, 0, 29, 10, 0, 21, 0, RNA
22, 0, 0, 6, 20, 6, 17, 2, 1, 0, 12, 34, 2, 3, 0, 17, 7, 25, 5, 8, 0, 17, 5, 0, 2, 0, RNA
21, 0, 2, 8, 18, 13, 20, 4, 9, 0, 18, 23, 10, 7, 0, 20, 4, 25, 8, 14, 0, 15, 6, 0, 6, 0, RNA
20, 0, 1, 8, 17, 12, 20, 6, 10, 0, 19, 23, 10, 8, 0, 20, 4, 22, 12, 11, 0, 17, 6, 0, 5, 0, RNA
8, 0, 0, 2, 9, 3, 10, 2, 7, 0, 16, 2, 1, 4, 0, 3, 5, 3, 0, 10, 0, 13, 0, 0, 4, 0, RNA
7, 0, 0, 3, 9, 5, 12, 4, 7, 0, 10, 3, 2, 1, 0, 1, 6, 8, 3, 5, 0, 14, 1, 0, 2, 0, RNA
23, 0, 4, 16, 10, 16, 40, 7, 15, 0, 15, 22, 14, 34, 0, 26, 12, 23, 34, 13, 0, 14, 0, 0, 16, 0, RNA
40, 0, 1, 9, 8, 8, 18, 4, 8, 0, 8, 21, 7, 11, 0, 16, 29, 9, 7, 15, 0, 16, 0, 0, 13, 0, RNA
23, 0, 7, 22, 17, 7, 16, 5, 23, 0, 26, 29, 9, 14, 0, 24, 15, 13, 26, 23, 0, 18, 3, 0, 9, 0, RNA
9, 0, 2, 4, 16, 1, 8, 1, 7, 0, 13, 13, 2, 5, 0, 6, 2, 5, 5, 3, 0, 13, 0, 0, 4, 0, RNA
28, 0, 3, 9, 12, 6, 15, 4, 12, 0, 39, 25, 1, 9, 0, 17, 14, 23, 2, 15, 0, 24, 2, 0, 6, 0, RNA
23, 0, 2, 2, 7, 5, 8, 2, 7, 0, 26, 5, 2, 4, 0, 7, 10, 18, 8, 6, 0, 9, 1, 0, 4, 0, RNA
18, 0, 2, 6, 8, 5, 14, 3, 9, 0, 16, 13, 2, 2, 0, 11, 8, 18, 10, 4, 0, 15, 0, 0, 8, 0, RNA
20, 0, 2, 10, 16, 6, 19, 10, 8, 0, 15, 35, 4, 6, 0, 22, 13, 21, 14, 15, 0, 25, 6, 0, 10, 0, RNA
5, 0, 1, 8, 4, 5, 10, 4, 6, 0, 4, 7, 7, 7, 0, 5, 4, 6, 11, 16, 0, 7, 1, 0, 3, 0, RNA